item_id,instrument,alpha,key,is_reverse_keyed,text,construct_reported,text.1,text_norm,is_empty
it_100001,16PF,0.78,1,False,Act wild and crazy.,Gregariousness,,,True
it_100002,16PF,0.8,1,False,Am afraid that I will do the wrong thing.,Anxiety,,,True
it_100003,16PF,0.76,1,False,Am annoyed by others' mistakes.,Emotionality,,,True
it_100004,16PF,0.85,-1,True,Am easily discouraged.,Emotional Stability,,,True
it_100005,16PF,0.8,1,False,Am easily hurt.,Anxiety,,,True
it_100006,16PF,0.76,1,False,Am easily put out.,Emotionality,,,True
it_100007,16PF,0.81,1,False,Am exacting in my work.,Orderliness,,,True
it_100008,16PF,0.86,1,False,Am hard to get to know.,Reserve,,,True
it_100009,16PF,0.81,1,False,Am not afraid of providing criticism.,Dominance,,,True
it_100010,16PF,0.81,1,False,Am not afraid of providing criticism.,Assertiveness,,,True
it_100011,16PF,0.81,-1,True,Am not bothered by disorder.,Orderliness,,,True
it_100012,16PF,0.81,-1,True,Am not bothered by messy people.,Orderliness,,,True
it_100013,16PF,0.76,-1,True,Am not easily annoyed.,Emotionality,,,True
it_100014,16PF,0.8,-1,True,Am not easily bothered by things.,Anxiety,,,True
it_100015,16PF,0.85,1,False,Am not easily frustrated.,Emotional Stability,,,True
it_100016,16PF,0.82,-1,True,Am not interested in abstract ideas.,Complexity,,,True
it_100017,16PF,0.82,-1,True,Am not interested in theoretical discussions.,Complexity,,,True
it_100018,16PF,0.8,-1,True,Am not really interested in others.,Warmth,,,True
it_100019,16PF,0.86,-1,True,Am open about my feelings.,Reserve,,,True
it_100020,16PF,0.86,-1,True,Am open about myself to others.,Reserve,,,True
it_100021,16PF,0.76,1,False,Am quick to judge others.,Emotionality,,,True
it_100022,16PF,0.8,-1,True,Am quiet around strangers.,Friendliness,,,True
it_100023,16PF,0.85,1,False,Am relaxed most of the time.,Emotional Stability,,,True
it_100024,16PF,0.78,-1,True,Am the last to laugh at a joke.,Gregariousness,,,True
it_100025,16PF,0.78,1,False,Am the life of the party.,Gregariousness,,,True
it_100026,16PF,0.8,1,False,Am wary of others.,Distrust,,,True
it_100027,16PF,0.86,-1,True,Am willing to talk about myself.,Reserve,,,True
it_100028,16PF,0.78,1,False,Amuse my friends.,Gregariousness,,,True
it_100029,16PF,0.82,-1,True,Avoid philosophical discussions.,Complexity,,,True
it_100030,16PF,0.84,1,False,Believe in one true religion.,Dutifulness,,,True
it_100031,16PF,0.82,1,False,Believe in the importance of art.,Complexity,,,True
it_100032,16PF,0.84,1,False,Believe laws should be strictly enforced.,Dutifulness,,,True
it_100033,16PF,0.8,-1,True,Believe that others have good intentions.,Distrust,,,True
it_100034,16PF,0.8,-1,True,Believe that people are basically moral.,Distrust,,,True
it_100035,16PF,0.8,1,False,Believe that people are essentially evil.,Distrust,,,True
it_100036,16PF,0.8,1,False,Believe that people seldom tell you the whole truth.,Distrust,,,True
it_100037,16PF,0.86,1,False,Bottle up my feelings.,Reserve,,,True
it_100038,16PF,0.84,-1,True,Break rules.,Dutifulness,,,True
it_100039,16PF,0.81,1,False,Can take strong measures.,Dominance,,,True
it_100040,16PF,0.81,1,False,Can take strong measures.,Assertiveness,,,True
it_100041,16PF,0.73,-1,True,Can't do without the company of others.,Introversion,,,True
it_100042,16PF,0.76,1,False,Can't stand being contradicted.,Emotionality,,,True
it_100043,16PF,0.82,1,False,Carry the conversation to a higher level.,Complexity,,,True
it_100044,16PF,0.8,1,False,Cheer people up.,Warmth,,,True
it_100045,16PF,0.76,-1,True,Consider myself an average person.,Intellect,,,True
it_100046,16PF,0.81,1,False,Continue until everything is perfect.,Orderliness,,,True
it_100047,16PF,0.76,1,False,Counter others' arguments.,Intellect,,,True
it_100048,16PF,0.73,1,False,Cry during movies.,Sensitivity,,,True
it_100049,16PF,0.86,-1,True,Disclose my intimate thoughts.,Reserve,,,True
it_100050,16PF,0.78,-1,True,Dislike loud music.,Gregariousness,,,True
it_100051,16PF,0.85,-1,True,Dislike myself.,Emotional Stability,,,True
it_100052,16PF,0.73,-1,True,Dislike works of fiction.,Sensitivity,,,True
it_100053,16PF,0.8,1,False,Distrust people.,Distrust,,,True
it_100054,16PF,0.73,-1,True,Do not enjoy watching dance performances.,Sensitivity,,,True
it_100055,16PF,0.73,-1,True,Do not like poetry.,Sensitivity,,,True
it_100056,16PF,0.8,-1,True,Do things by the book.,Imagination,,,True
it_100057,16PF,0.8,1,False,Do things that others find strange.,Imagination,,,True
it_100058,16PF,0.8,1,False,Do unexpected things.,Imagination,,,True
it_100059,16PF,0.8,-1,True,Don't let others discourage me.,Anxiety,,,True
it_100060,16PF,0.73,1,False,Don't like action movies.,Sensitivity,,,True
it_100061,16PF,0.78,-1,True,Don't like crowded events.,Gregariousness,,,True
it_100062,16PF,0.8,-1,True,Don't like to get involved in other people's problems.,Warmth,,,True
it_100063,16PF,0.8,1,False,Don't mind being the center of attention.,Friendliness,,,True
it_100064,16PF,0.73,1,False,Don't mind eating alone.,Introversion,,,True
it_100065,16PF,0.86,1,False,Don't talk a lot.,Reserve,,,True
it_100066,16PF,0.8,-1,True,Don't worry about things that have already happened.,Anxiety,,,True
it_100067,16PF,0.73,-1,True,Enjoy being part of a group.,Introversion,,,True
it_100068,16PF,0.78,1,False,Enjoy being part of a loud crowd.,Gregariousness,,,True
it_100069,16PF,0.8,1,False,Enjoy bringing people together.,Warmth,,,True
it_100070,16PF,0.73,1,False,Enjoy discussing movies and books with others.,Sensitivity,,,True
it_100071,16PF,0.82,1,False,Enjoy hearing new ideas.,Complexity,,,True
it_100072,16PF,0.73,1,False,Enjoy my privacy.,Introversion,,,True
it_100073,16PF,0.73,1,False,Enjoy silence.,Introversion,,,True
it_100074,16PF,0.73,1,False,Enjoy spending time by myself.,Introversion,,,True
it_100075,16PF,0.73,-1,True,Enjoy teamwork.,Introversion,,,True
it_100076,16PF,0.8,1,False,Enjoy wild flights of fantasy.,Imagination,,,True
it_100077,16PF,0.8,1,False,Feel comfortable around people.,Friendliness,,,True
it_100078,16PF,0.85,1,False,Feel comfortable with myself.,Emotional Stability,,,True
it_100079,16PF,0.8,1,False,Feel crushed by setbacks.,Anxiety,,,True
it_100080,16PF,0.85,-1,True,Feel desperate.,Emotional Stability,,,True
it_100081,16PF,0.8,1,False,"Feel guilty when I say ""no.""",Anxiety,,,True
it_100082,16PF,0.8,1,False,Feel others' emotions.,Warmth,,,True
it_100083,16PF,0.8,1,False,Feel threatened easily.,Anxiety,,,True
it_100084,16PF,0.8,-1,True,Find it difficult to approach others.,Friendliness,,,True
it_100085,16PF,0.8,1,False,Find it hard to forgive others.,Distrust,,,True
it_100086,16PF,0.76,1,False,Get angry easily.,Emotionality,,,True
it_100087,16PF,0.81,1,False,Get chores done right away.,Orderliness,,,True
it_100088,16PF,0.76,-1,True,Get confused easily.,Intellect,,,True
it_100089,16PF,0.76,1,False,Get irritated easily.,Emotionality,,,True
it_100090,16PF,0.76,-1,True,Have a good word for everyone.,Emotionality,,,True
it_100091,16PF,0.76,-1,True,Have a poor vocabulary.,Intellect,,,True
it_100092,16PF,0.85,-1,True,Have frequent mood swings.,Emotional Stability,,,True
it_100093,16PF,0.8,-1,True,Have little to say.,Friendliness,,,True
it_100094,16PF,0.78,1,False,Joke around a lot.,Gregariousness,,,True
it_100095,16PF,0.76,1,False,Judge people by their appearance.,Emotionality,,,True
it_100096,16PF,0.8,-1,True,Keep in the background.,Friendliness,,,True
it_100097,16PF,0.86,1,False,Keep my thoughts to myself.,Reserve,,,True
it_100098,16PF,0.8,1,False,Know how to comfort others.,Warmth,,,True
it_100099,16PF,0.84,-1,True,Know how to get around the rules.,Dutifulness,,,True
it_100100,16PF,0.76,-1,True,Know that I am not a special person.,Intellect,,,True
it_100101,16PF,0.76,1,False,Know the answers to many questions.,Intellect,,,True
it_100102,16PF,0.76,1,False,Learn quickly.,Intellect,,,True
it_100103,16PF,0.81,-1,True,Leave a mess in my room.,Orderliness,,,True
it_100104,16PF,0.81,-1,True,Leave my belongings around.,Orderliness,,,True
it_100105,16PF,0.81,-1,True,Let myself be pushed around.,Dominance,,,True
it_100106,16PF,0.81,-1,True,Let myself be pushed around.,Assertiveness,,,True
it_100107,16PF,0.81,-1,True,Let others make the decisions.,Dominance,,,True
it_100108,16PF,0.81,-1,True,Let others make the decisions.,Assertiveness,,,True
it_100109,16PF,0.81,1,False,Like order.,Orderliness,,,True
it_100110,16PF,0.8,1,False,Like to get lost in thought.,Imagination,,,True
it_100111,16PF,0.73,1,False,Like to read.,Sensitivity,,,True
it_100112,16PF,0.84,1,False,Like to stand during the national anthem.,Dutifulness,,,True
it_100113,16PF,0.73,1,False,Love flowers.,Sensitivity,,,True
it_100114,16PF,0.78,1,False,Love large parties.,Gregariousness,,,True
it_100115,16PF,0.8,1,False,Love to daydream.,Imagination,,,True
it_100116,16PF,0.82,1,False,Love to think up new ways of doing things.,Complexity,,,True
it_100117,16PF,0.8,1,False,Make friends easily.,Friendliness,,,True
it_100118,16PF,0.76,1,False,Make insightful remarks.,Intellect,,,True
it_100119,16PF,0.8,1,False,Make people feel at ease.,Warmth,,,True
it_100120,16PF,0.81,-1,True,Never challenge things.,Dominance,,,True
it_100121,16PF,0.81,-1,True,Never challenge things.,Assertiveness,,,True
it_100122,16PF,0.85,-1,True,Often feel blue.,Emotional Stability,,,True
it_100123,16PF,0.8,-1,True,Often feel uncomfortable around others.,Friendliness,,,True
it_100124,16PF,0.84,-1,True,Oppose authority.,Dutifulness,,,True
it_100125,16PF,0.73,1,False,Prefer to do things by myself.,Introversion,,,True
it_100126,16PF,0.82,1,False,Prefer variety to routine.,Complexity,,,True
it_100127,16PF,0.81,-1,True,Put off unpleasant tasks.,Orderliness,,,True
it_100128,16PF,0.82,-1,True,Rarely look for a deeper meaning in things.,Complexity,,,True
it_100129,16PF,0.73,-1,True,Rarely notice my emotional reactions.,Sensitivity,,,True
it_100130,16PF,0.73,1,False,Read a lot.,Sensitivity,,,True
it_100131,16PF,0.85,1,False,Readily overcome setbacks.,Emotional Stability,,,True
it_100132,16PF,0.76,1,False,Reflect on things before acting.,Intellect,,,True
it_100133,16PF,0.84,-1,True,Resist authority.,Dutifulness,,,True
it_100134,16PF,0.84,1,False,Respect authority.,Dutifulness,,,True
it_100135,16PF,0.86,1,False,Reveal little about myself.,Reserve,,,True
it_100136,16PF,0.81,1,False,Say what I think.,Dominance,,,True
it_100137,16PF,0.81,1,False,Say what I think.,Assertiveness,,,True
it_100138,16PF,0.73,1,False,Seek quiet.,Introversion,,,True
it_100139,16PF,0.8,-1,True,Seldom daydream.,Imagination,,,True
it_100140,16PF,0.85,1,False,Seldom feel blue.,Emotional Stability,,,True
it_100141,16PF,0.8,-1,True,Seldom get lost in thought.,Imagination,,,True
it_100142,16PF,0.78,-1,True,Seldom joke around.,Gregariousness,,,True
it_100143,16PF,0.86,-1,True,Show my feelings.,Reserve,,,True
it_100144,16PF,0.76,-1,True,Skip difficult words while reading.,Intellect,,,True
it_100145,16PF,0.8,1,False,Spend time thinking about past mistakes.,Anxiety,,,True
it_100146,16PF,0.8,1,False,Start conversations.,Friendliness,,,True
it_100147,16PF,0.8,1,False,Suspect hidden motives in others.,Distrust,,,True
it_100148,16PF,0.8,1,False,Swim against the current.,Imagination,,,True
it_100149,16PF,0.8,1,False,Take an interest in other people's lives.,Warmth,,,True
it_100150,16PF,0.81,1,False,Take charge.,Dominance,,,True
it_100151,16PF,0.81,1,False,Take charge.,Assertiveness,,,True
it_100152,16PF,0.81,1,False,Take control of things.,Dominance,,,True
it_100153,16PF,0.81,1,False,Take control of things.,Assertiveness,,,True
it_100154,16PF,0.8,1,False,Take deviant positions.,Imagination,,,True
it_100155,16PF,0.8,1,False,Take time out for others.,Warmth,,,True
it_100156,16PF,0.8,1,False,Talk to a lot of different people at parties.,Friendliness,,,True
it_100157,16PF,0.76,1,False,Tend to analyze things.,Intellect,,,True
it_100158,16PF,0.8,-1,True,Trust others.,Distrust,,,True
it_100159,16PF,0.8,-1,True,Trust what people say.,Distrust,,,True
it_100160,16PF,0.8,-1,True,Try not to think about the needy.,Warmth,,,True
it_100161,16PF,0.82,-1,True,Try to avoid complex people.,Complexity,,,True
it_100162,16PF,0.84,1,False,Try to follow the rules.,Dutifulness,,,True
it_100163,16PF,0.76,-1,True,Try to forgive and forget.,Emotionality,,,True
it_100164,16PF,0.76,1,False,Use my brain.,Intellect,,,True
it_100165,16PF,0.84,-1,True,Use swear words.,Dutifulness,,,True
it_100166,16PF,0.81,-1,True,Wait for others to lead the way.,Dominance,,,True
it_100167,16PF,0.81,-1,True,Wait for others to lead the way.,Assertiveness,,,True
it_100168,16PF,0.81,1,False,Want to be in charge.,Dominance,,,True
it_100169,16PF,0.81,1,False,Want to be in charge.,Assertiveness,,,True
it_100170,16PF,0.73,1,False,Want to be left alone.,Introversion,,,True
it_100171,16PF,0.76,1,False,Weigh the pros against the cons.,Intellect,,,True
it_100172,16PF,0.8,1,False,Worry about things.,Anxiety,,,True
it_100173,6FPQ,0.73,1,False,Accept people as they are.,Agreeableness,,,True
it_100174,6FPQ,0.82,1,False,Accomplish a lot of work.,Achievement-striving,,,True
it_100175,6FPQ,0.76,-1,True,Act quickly without thinking.,Deliberateness,,,True
it_100176,6FPQ,0.73,1,False,Act wild and crazy.,Humor/Playfulness,,,True
it_100177,6FPQ,0.59,1,False,Act without consulting others.,Self-Sufficiency,,,True
it_100178,6FPQ,0.78,-1,True,Act without planning.,Methodicalness,,,True
it_100179,6FPQ,0.67,1,False,Adapt easily to new situations.,Adaptability,,,True
it_100180,6FPQ,0.67,-1,True,Am a bad loser.,Adaptability,,,True
it_100181,6FPQ,0.7,-1,True,Am a creature of habit.,Adventurousness,,,True
it_100182,6FPQ,0.75,1,False,Am always busy.,Industriousness/Perseverance/Persistence,,,True
it_100183,6FPQ,0.78,1,False,Am always prepared.,Methodicalness,,,True
it_100184,6FPQ,0.73,-1,True,Am annoyed by others' mistakes.,Agreeableness,,,True
it_100185,6FPQ,0.7,-1,True,Am attached to conventional ways.,Adventurousness,,,True
it_100186,6FPQ,0.81,-1,True,Am continually losing things.,Orderliness,,,True
it_100187,6FPQ,0.59,-1,True,Am easily moved to tears.,Self-Sufficiency,,,True
it_100188,6FPQ,0.73,-1,True,Am easily offended.,Agreeableness,,,True
it_100189,6FPQ,0.78,1,False,Am exacting in my work.,Methodicalness,,,True
it_100190,6FPQ,0.85,1,False,Am good at making impromptu speeches.,Extraversion,,,True
it_100191,6FPQ,0.81,1,False,Am good at many things.,Resourcefulness,,,True
it_100192,6FPQ,0.67,1,False,Am good at taking advice.,Adaptability,,,True
it_100193,6FPQ,0.87,-1,True,Am hard to get to know.,Gregariousness,,,True
it_100194,6FPQ,0.73,1,False,Am inclined to forgive others.,Agreeableness,,,True
it_100195,6FPQ,0.8,1,False,Am interested in many things.,Intellectual Openness,,,True
it_100196,6FPQ,0.83,1,False,Am likely to show off if I get the chance.,Exhibitionism,,,True
it_100197,6FPQ,0.78,-1,True,Am not bothered by disorder.,Methodicalness,,,True
it_100198,6FPQ,0.74,1,False,Am not concerned with making a good impression.,Unpretentiousness,,,True
it_100199,6FPQ,0.73,1,False,Am not disturbed by events.,Agreeableness,,,True
it_100200,6FPQ,0.87,1,False,Am not easily annoyed.,Calmness,,,True
it_100201,6FPQ,0.85,-1,True,Am not good at getting people to like me.,Extraversion,,,True
it_100202,6FPQ,0.83,-1,True,Am not good at telling jokes.,Exhibitionism,,,True
it_100203,6FPQ,0.85,-1,True,Am not highly motivated to succeed.,Leadership,,,True
it_100204,6FPQ,0.8,-1,True,Am not interested in abstract ideas.,Intellectual Openness,,,True
it_100205,6FPQ,0.8,-1,True,Am not interested in theoretical discussions.,Intellectual Openness,,,True
it_100206,6FPQ,0.8,1,False,Am open to change.,Intellectual Openness,,,True
it_100207,6FPQ,0.73,1,False,Am relaxed most of the time.,Humor/Playfulness,,,True
it_100208,6FPQ,0.85,1,False,Am skilled in handling social situations.,Extraversion,,,True
it_100209,6FPQ,0.83,1,False,Am the life of the party.,Exhibitionism,,,True
it_100210,6FPQ,0.75,1,False,Am under constant pressure.,Industriousness/Perseverance/Persistence,,,True
it_100211,6FPQ,0.73,1,False,Am willing to try anything once.,Humor/Playfulness,,,True
it_100212,6FPQ,0.83,1,False,Amuse my friends.,Exhibitionism,,,True
it_100213,6FPQ,0.87,-1,True,Avoid company.,Gregariousness,,,True
it_100214,6FPQ,0.87,-1,True,Avoid contacts with others.,Gregariousness,,,True
it_100215,6FPQ,0.82,-1,True,Avoid difficult reading material.,Comprehension,,,True
it_100216,6FPQ,0.82,-1,True,Avoid philosophical discussions.,Comprehension,,,True
it_100217,6FPQ,0.69,-1,True,Believe appearances are important.,Independence,,,True
it_100218,6FPQ,0.8,1,False,Believe in the importance of art.,Culture,,,True
it_100219,6FPQ,0.59,1,False,Believe that events in my life are determined only by me.,Self-Sufficiency,,,True
it_100220,6FPQ,0.8,-1,True,Believe that too much tax money goes to support artists.,Culture,,,True
it_100221,6FPQ,0.81,1,False,Can handle a lot of information.,Resourcefulness,,,True
it_100222,6FPQ,0.81,1,False,Can manage many things at the same time.,Resourcefulness,,,True
it_100223,6FPQ,0.81,-1,True,Can never find anything.,Orderliness,,,True
it_100224,6FPQ,0.81,1,False,Can perform a wide variety of tasks.,Resourcefulness,,,True
it_100225,6FPQ,0.67,1,False,Can stand criticism.,Adaptability,,,True
it_100226,6FPQ,0.81,1,False,Can tackle anything.,Resourcefulness,,,True
it_100227,6FPQ,0.85,1,False,Can talk others into doing things.,Extraversion,,,True
it_100228,6FPQ,0.81,1,False,Can work under pressure.,Resourcefulness,,,True
it_100229,6FPQ,0.66,-1,True,Can't do without the company of others.,Reclusiveness,,,True
it_100230,6FPQ,0.67,-1,True,Can't stand being contradicted.,Adaptability,,,True
it_100231,6FPQ,0.8,1,False,Carry the conversation to a higher level.,Intellectual Openness,,,True
it_100232,6FPQ,0.74,-1,True,Change myself to suit others.,Unpretentiousness,,,True
it_100233,6FPQ,0.76,1,False,Choose my words with care.,Deliberateness,,,True
it_100234,6FPQ,0.75,1,False,Complete tasks successfully.,Industriousness/Perseverance/Persistence,,,True
it_100235,6FPQ,0.66,1,False,Dislike being complimented.,Reclusiveness,,,True
it_100236,6FPQ,0.7,-1,True,Dislike changes.,Adventurousness,,,True
it_100237,6FPQ,0.85,-1,True,Dislike having authority over others.,Leadership,,,True
it_100238,6FPQ,0.61,1,False,Dislike loud music.,Conservatism,,,True
it_100239,6FPQ,0.85,-1,True,Dislike taking responsibility for making decisions.,Leadership,,,True
it_100240,6FPQ,0.7,-1,True,Dislike the unknown.,Adventurousness,,,True
it_100241,6FPQ,0.82,1,False,Do a lot in my spare time.,Achievement-striving,,,True
it_100242,6FPQ,0.82,-1,True,Do just enough work to get by.,Achievement-striving,,,True
it_100243,6FPQ,0.82,1,False,Do more than what's expected of me.,Achievement-striving,,,True
it_100244,6FPQ,0.8,-1,True,Do not enjoy going to art museums.,Culture,,,True
it_100245,6FPQ,0.8,-1,True,Do not enjoy watching dance performances.,Culture,,,True
it_100246,6FPQ,0.8,-1,True,Do not like concerts.,Culture,,,True
it_100247,6FPQ,0.8,-1,True,Do not like poetry.,Culture,,,True
it_100248,6FPQ,0.59,1,False,Do things men traditionally do.,Self-Sufficiency,,,True
it_100249,6FPQ,0.59,1,False,Do things my own way.,Self-Sufficiency,,,True
it_100250,6FPQ,0.81,1,False,Do unpleasant tasks immediately.,Orderliness,,,True
it_100251,6FPQ,0.69,1,False,Don't care about dressing nicely.,Independence,,,True
it_100252,6FPQ,0.61,-1,True,Don't care about rules.,Conservatism,,,True
it_100253,6FPQ,0.69,1,False,Don't care what others think.,Independence,,,True
it_100254,6FPQ,0.74,1,False,Don't care whether I'm considered special.,Unpretentiousness,,,True
it_100255,6FPQ,0.76,-1,True,Don't know why I do some of the things I do.,Deliberateness,,,True
it_100256,6FPQ,0.7,-1,True,Don't let others take credit for my work.,Docility,,,True
it_100257,6FPQ,0.66,-1,True,Don't like being away from civilization.,Reclusiveness,,,True
it_100258,6FPQ,0.83,-1,True,Don't like to draw attention to myself.,Exhibitionism,,,True
it_100259,6FPQ,0.7,-1,True,Don't like to travel.,Adventurousness,,,True
it_100260,6FPQ,0.83,1,False,Don't mind being the center of attention.,Exhibitionism,,,True
it_100261,6FPQ,0.81,-1,True,Don't pay attention.,Resourcefulness,,,True
it_100262,6FPQ,0.67,-1,True,Don't tolerate critics.,Adaptability,,,True
it_100263,6FPQ,0.76,1,False,Easily resist temptations.,Deliberateness,,,True
it_100264,6FPQ,0.73,1,False,Enjoy being reckless.,Humor/Playfulness,,,True
it_100265,6FPQ,0.82,1,False,Enjoy discussing movies and books with others.,Comprehension,,,True
it_100266,6FPQ,0.8,1,False,Enjoy hearing new ideas.,Culture,,,True
it_100267,6FPQ,0.66,1,False,Enjoy spending time by myself.,Reclusiveness,,,True
it_100268,6FPQ,0.82,1,False,Excel in what I do.,Achievement-striving,,,True
it_100269,6FPQ,0.73,1,False,Express childlike joy.,Humor/Playfulness,,,True
it_100270,6FPQ,0.85,1,False,Express myself easily.,Extraversion,,,True
it_100271,6FPQ,0.87,1,False,Feel comfortable around people.,Gregariousness,,,True
it_100272,6FPQ,0.69,1,False,Feel it's OK that some people don't like me.,Independence,,,True
it_100273,6FPQ,0.75,-1,True,Feel that work is not an important part of my life.,Industriousness/Perseverance/Persistence,,,True
it_100274,6FPQ,0.85,-1,True,Find it difficult to approach others.,Extraversion,,,True
it_100275,6FPQ,0.82,-1,True,Find it difficult to get down to work.,Achievement-striving,,,True
it_100276,6FPQ,0.85,1,False,Find it easy to manipulate others.,Leadership,,,True
it_100277,6FPQ,0.82,1,False,Find political discussions interesting.,Comprehension,,,True
it_100278,6FPQ,0.87,-1,True,Get angry easily.,Calmness,,,True
it_100279,6FPQ,0.73,-1,True,Get back at others.,Agreeableness,,,True
it_100280,6FPQ,0.8,1,False,Get excited by new ideas.,Culture,,,True
it_100281,6FPQ,0.87,-1,True,Get irritated easily.,Calmness,,,True
it_100282,6FPQ,0.87,-1,True,Get upset easily.,Calmness,,,True
it_100283,6FPQ,0.81,-1,True,Give up easily.,Resourcefulness,,,True
it_100284,6FPQ,0.66,1,False,Go my own way.,Reclusiveness,,,True
it_100285,6FPQ,0.82,-1,True,Hang around doing nothing.,Achievement-striving,,,True
it_100286,6FPQ,0.73,1,False,Have a lot of fun.,Humor/Playfulness,,,True
it_100287,6FPQ,0.85,1,False,Have a natural talent for influencing people.,Extraversion,,,True
it_100288,6FPQ,0.82,-1,True,Have a poor vocabulary.,Comprehension,,,True
it_100289,6FPQ,0.82,1,False,Have a rich vocabulary.,Comprehension,,,True
it_100290,6FPQ,0.75,-1,True,Have a slow pace to my life.,Industriousness/Perseverance/Persistence,,,True
it_100291,6FPQ,0.85,1,False,Have a strong need for power.,Leadership,,,True
it_100292,6FPQ,0.7,1,False,Have already gotten more than I deserve.,Docility,,,True
it_100293,6FPQ,0.81,1,False,Have an eye for detail.,Orderliness,,,True
it_100294,6FPQ,0.75,-1,True,Have extra time on my hands.,Industriousness/Perseverance/Persistence,,,True
it_100295,6FPQ,0.83,-1,True,Have little to say.,Exhibitionism,,,True
it_100296,6FPQ,0.61,1,False,Have no sympathy for criminals.,Conservatism,,,True
it_100297,6FPQ,0.73,1,False,Have time for play and relaxation.,Humor/Playfulness,,,True
it_100298,6FPQ,0.75,1,False,Have too many things to do.,Industriousness/Perseverance/Persistence,,,True
it_100299,6FPQ,0.73,-1,True,Hold a grudge.,Agreeableness,,,True
it_100300,6FPQ,0.74,-1,True,Judge people by their appearance.,Unpretentiousness,,,True
it_100301,6FPQ,0.76,-1,True,Jump into things without thinking.,Deliberateness,,,True
it_100302,6FPQ,0.85,-1,True,Keep in the background.,Extraversion,,,True
it_100303,6FPQ,0.66,-1,True,Keep my hair fashionable.,Reclusiveness,,,True
it_100304,6FPQ,0.66,-1,True,Keep myself well-groomed.,Reclusiveness,,,True
it_100305,6FPQ,0.87,-1,True,Keep others at a distance.,Gregariousness,,,True
it_100306,6FPQ,0.73,1,False,Know how to enjoy myself.,Humor/Playfulness,,,True
it_100307,6FPQ,0.85,-1,True,Lack the talent for influencing people.,Extraversion,,,True
it_100308,6FPQ,0.78,-1,True,Leave things unfinished.,Methodicalness,,,True
it_100309,6FPQ,0.59,-1,True,Let myself be directed by others.,Self-Sufficiency,,,True
it_100310,6FPQ,0.7,1,False,Let myself be used.,Docility,,,True
it_100311,6FPQ,0.73,1,False,Let myself go.,Humor/Playfulness,,,True
it_100312,6FPQ,0.7,1,False,Let other people take the credit for my work.,Docility,,,True
it_100313,6FPQ,0.61,-1,True,Let others down.,Conservatism,,,True
it_100314,6FPQ,0.7,1,False,Let people push me around to help them feel important.,Docility,,,True
it_100315,6FPQ,0.85,1,False,Like having authority over others.,Leadership,,,True
it_100316,6FPQ,0.8,1,False,Like music.,Culture,,,True
it_100317,6FPQ,0.78,1,False,Like order.,Methodicalness,,,True
it_100318,6FPQ,0.76,-1,True,Like to act on a whim.,Deliberateness,,,True
it_100319,6FPQ,0.83,1,False,Like to attract attention.,Exhibitionism,,,True
it_100320,6FPQ,0.66,1,False,Like to be alone.,Reclusiveness,,,True
it_100321,6FPQ,0.61,1,False,Like to follow a regular schedule.,Conservatism,,,True
it_100322,6FPQ,0.82,1,False,Like to read.,Comprehension,,,True
it_100323,6FPQ,0.81,1,False,Like to solve complex problems.,Resourcefulness,,,True
it_100324,6FPQ,0.81,1,False,Like to tidy up.,Orderliness,,,True
it_100325,6FPQ,0.7,1,False,Like to visit new places.,Adventurousness,,,True
it_100326,6FPQ,0.66,1,False,Live in a world of my own.,Reclusiveness,,,True
it_100327,6FPQ,0.87,-1,True,Lose my temper.,Calmness,,,True
it_100328,6FPQ,0.73,1,False,Love excitement.,Humor/Playfulness,,,True
it_100329,6FPQ,0.69,-1,True,Love to be complimented.,Independence,,,True
it_100330,6FPQ,0.8,1,False,Love to learn new things.,Culture,,,True
it_100331,6FPQ,0.82,1,False,Love to read challenging material.,Comprehension,,,True
it_100332,6FPQ,0.78,-1,True,Make a mess of things.,Methodicalness,,,True
it_100333,6FPQ,0.59,1,False,Make decisions quickly.,Self-Sufficiency,,,True
it_100334,6FPQ,0.87,1,False,Make friends easily.,Gregariousness,,,True
it_100335,6FPQ,0.76,-1,True,Make rash decisions.,Deliberateness,,,True
it_100336,6FPQ,0.78,-1,True,Mess things up.,Methodicalness,,,True
it_100337,6FPQ,0.82,-1,True,Need a push to get started.,Achievement-striving,,,True
it_100338,6FPQ,0.59,-1,True,Need protection.,Self-Sufficiency,,,True
it_100339,6FPQ,0.69,-1,True,Need reassurance.,Independence,,,True
it_100340,6FPQ,0.69,-1,True,Need the approval of others.,Independence,,,True
it_100341,6FPQ,0.81,1,False,Need things explained only once.,Resourcefulness,,,True
it_100342,6FPQ,0.87,-1,True,Often feel uncomfortable around others.,Gregariousness,,,True
it_100343,6FPQ,0.81,1,False,Often forget to put things back in their proper place.,Orderliness,,,True
it_100344,6FPQ,0.59,-1,True,Often need help.,Self-Sufficiency,,,True
it_100345,6FPQ,0.61,-1,True,Oppose authority.,Conservatism,,,True
it_100346,6FPQ,0.78,1,False,Pay attention to details.,Methodicalness,,,True
it_100347,6FPQ,0.82,1,False,Plunge into tasks with all my heart.,Achievement-striving,,,True
it_100348,6FPQ,0.66,1,False,Prefer to do things by myself.,Reclusiveness,,,True
it_100349,6FPQ,0.8,-1,True,Prefer to stick with things that I know.,Intellectual Openness,,,True
it_100350,6FPQ,0.8,1,False,Prefer variety to routine.,Intellectual Openness,,,True
it_100351,6FPQ,0.67,-1,True,Put down others' proposals.,Adaptability,,,True
it_100352,6FPQ,0.75,-1,True,Put little time and effort into my work.,Industriousness/Perseverance/Persistence,,,True
it_100353,6FPQ,0.74,-1,True,Put on a show to impress people.,Unpretentiousness,,,True
it_100354,6FPQ,0.7,1,False,Put up with anything.,Docility,,,True
it_100355,6FPQ,0.75,1,False,Put work above pleasure.,Industriousness/Perseverance/Persistence,,,True
it_100356,6FPQ,0.87,1,False,Rarely complain.,Calmness,,,True
it_100357,6FPQ,0.87,1,False,Rarely get irritated.,Calmness,,,True
it_100358,6FPQ,0.8,-1,True,Rarely look for a deeper meaning in things.,Intellectual Openness,,,True
it_100359,6FPQ,0.87,1,False,Rarely lose my composure.,Calmness,,,True
it_100360,6FPQ,0.76,1,False,Remain calm under pressure.,Deliberateness,,,True
it_100361,6FPQ,0.61,1,False,Respect authority.,Conservatism,,,True
it_100362,6FPQ,0.76,-1,True,Rush into things.,Deliberateness,,,True
it_100363,6FPQ,0.69,1,False,Sail my own course.,Independence,,,True
it_100364,6FPQ,0.85,1,False,See myself as a good leader.,Leadership,,,True
it_100365,6FPQ,0.7,1,False,Seek adventure.,Adventurousness,,,True
it_100366,6FPQ,0.74,-1,True,Seek status.,Unpretentiousness,,,True
it_100367,6FPQ,0.69,-1,True,Seek support.,Independence,,,True
it_100368,6FPQ,0.87,1,False,Seldom get mad.,Calmness,,,True
it_100369,6FPQ,0.82,-1,True,Shirk my duties.,Achievement-striving,,,True
it_100370,6FPQ,0.82,1,False,Show a mastery of language.,Comprehension,,,True
it_100371,6FPQ,0.87,-1,True,Snap at people.,Calmness,,,True
it_100372,6FPQ,0.82,1,False,Spend a lot of time reading.,Comprehension,,,True
it_100373,6FPQ,0.87,1,False,Start conversations.,Gregariousness,,,True
it_100374,6FPQ,0.76,1,False,Take care of my own affairs.,Deliberateness,,,True
it_100375,6FPQ,0.73,1,False,Take things as they come.,Agreeableness,,,True
it_100376,6FPQ,0.59,-1,True,Talk about my worries.,Self-Sufficiency,,,True
it_100377,6FPQ,0.87,1,False,Talk to a lot of different people at parties.,Gregariousness,,,True
it_100378,6FPQ,0.73,1,False,Tolerate a lot from others.,Agreeableness,,,True
it_100379,6FPQ,0.8,-1,True,Try to avoid complex people.,Intellectual Openness,,,True
it_100380,6FPQ,0.7,1,False,Try to do too difficult things.,Adventurousness,,,True
it_100381,6FPQ,0.73,1,False,Try to forgive and forget.,Agreeableness,,,True
it_100382,6FPQ,0.74,-1,True,Try to impress others.,Unpretentiousness,,,True
it_100383,6FPQ,0.85,1,False,Try to lead others.,Leadership,,,True
it_100384,6FPQ,0.85,-1,True,Wait for others to lead the way.,Leadership,,,True
it_100385,6FPQ,0.78,1,False,Want everything to be just right.,Methodicalness,,,True
it_100386,6FPQ,0.61,1,False,Want things to proceed according to plan.,Conservatism,,,True
it_100387,6FPQ,0.74,-1,True,Want to amount to something special in others' eyes.,Unpretentiousness,,,True
it_100388,6FPQ,0.85,1,False,Want to be in charge.,Leadership,,,True
it_100389,6FPQ,0.69,-1,True,Want to be liked.,Independence,,,True
it_100390,6FPQ,0.67,-1,True,Want to have the last word.,Adaptability,,,True
it_100391,6FPQ,0.8,1,False,Want to increase my knowledge.,Intellectual Openness,,,True
it_100392,6FPQ,0.87,1,False,Warm up quickly to others.,Gregariousness,,,True
it_100393,6FPQ,0.7,1,False,Will agree to anything.,Docility,,,True
it_100394,6FPQ,0.7,-1,True,Won't take the blame for something that's not my fault.,Docility,,,True
it_100395,6FPQ,0.75,1,False,Work hard.,Industriousness/Perseverance/Persistence,,,True
it_100396,6FPQ,0.74,-1,True,Worry about what people think of me.,Unpretentiousness,,,True
it_100397,6FPQ,0.85,-1,True,Would describe my experiences as somewhat dull.,Extraversion,,,True
it_100398,6FPQ,0.7,1,False,Would like to live for awhile in a different country.,Adventurousness,,,True
it_100399,6FPQ,0.83,1,False,Would make a good actor.,Exhibitionism,,,True
it_100400,6FPQ,0.7,-1,True,Would never go hang-gliding or bungee-jumping.,Adventurousness,,,True
it_100401,6FPQ,0.83,-1,True,Would not be a good comedian.,Exhibitionism,,,True
it_100402,7FACTOR,0.75,-1,True,Act wild and crazy.,Conscientiousness,,,True
it_100403,7FACTOR,0.77,1,False,Am concerned about others.,Agreeableness,,,True
it_100404,7FACTOR,0.86,1,False,Am not easily bothered by things.,Emotional Stability,,,True
it_100405,7FACTOR,0.66,-1,True,Am not highly motivated to succeed.,Attractiveness,,,True
it_100406,7FACTOR,0.84,-1,True,Am not interested in abstract ideas.,Intellect,,,True
it_100407,7FACTOR,0.77,-1,True,Am not interested in other people's problems.,Agreeableness,,,True
it_100408,7FACTOR,0.86,-1,True,Am often down in the dumps.,Emotional Stability,,,True
it_100409,7FACTOR,0.82,1,False,Am open about my feelings.,Extraversion,,,True
it_100410,7FACTOR,0.84,-1,True,Avoid difficult reading material.,Intellect,,,True
it_100411,7FACTOR,0.75,1,False,Believe laws should be strictly enforced.,Conscientiousness,,,True
it_100412,7FACTOR,0.66,1,False,Believe that I am important.,Attractiveness,,,True
it_100413,7FACTOR,0.75,-1,True,Break rules.,Conscientiousness,,,True
it_100414,7FACTOR,0.84,1,False,Carry the conversation to a higher level.,Intellect,,,True
it_100415,7FACTOR,0.72,1,False,Change myself to suit others.,Negative-Valence,,,True
it_100416,7FACTOR,0.72,1,False,Conform to others' opinions.,Negative-Valence,,,True
it_100417,7FACTOR,0.72,1,False,Copy others.,Negative-Valence,,,True
it_100418,7FACTOR,0.72,1,False,Demand attention.,Negative-Valence,,,True
it_100419,7FACTOR,0.75,-1,True,Do crazy things.,Conscientiousness,,,True
it_100420,7FACTOR,0.75,1,False,Do things by the book.,Conscientiousness,,,True
it_100421,7FACTOR,0.75,-1,True,Do things in a half-way manner.,Conscientiousness,,,True
it_100422,7FACTOR,0.66,-1,True,Don't care about dressing nicely.,Attractiveness,,,True
it_100423,7FACTOR,0.66,-1,True,Don't like to get dressed up.,Attractiveness,,,True
it_100424,7FACTOR,0.82,-1,True,Don't talk a lot.,Extraversion,,,True
it_100425,7FACTOR,0.77,1,False,Feel others' emotions.,Agreeableness,,,True
it_100426,7FACTOR,0.77,-1,True,Find fault with everything.,Agreeableness,,,True
it_100427,7FACTOR,0.86,-1,True,Get stressed out easily.,Emotional Stability,,,True
it_100428,7FACTOR,0.66,1,False,Get things done quickly.,Attractiveness,,,True
it_100429,7FACTOR,0.84,1,False,Have a rich vocabulary.,Intellect,,,True
it_100430,7FACTOR,0.77,1,False,Have a soft heart.,Agreeableness,,,True
it_100431,7FACTOR,0.82,-1,True,Have difficulty expressing my feelings.,Extraversion,,,True
it_100432,7FACTOR,0.84,-1,True,Have difficulty understanding abstract ideas.,Intellect,,,True
it_100433,7FACTOR,0.84,1,False,Have excellent ideas.,Intellect,,,True
it_100434,7FACTOR,0.82,-1,True,Hold back my opinions.,Extraversion,,,True
it_100435,7FACTOR,0.77,-1,True,Insult people.,Agreeableness,,,True
it_100436,7FACTOR,0.72,1,False,Interfere in other people's business.,Negative-Valence,,,True
it_100437,7FACTOR,0.75,-1,True,Jump into things without thinking.,Conscientiousness,,,True
it_100438,7FACTOR,0.66,1,False,Keep improving myself.,Attractiveness,,,True
it_100439,7FACTOR,0.66,1,False,Keep myself well-groomed.,Attractiveness,,,True
it_100440,7FACTOR,0.66,-1,True,Know that I am not a special person.,Attractiveness,,,True
it_100441,7FACTOR,0.75,1,False,Like order.,Conscientiousness,,,True
it_100442,7FACTOR,0.66,1,False,Like to tidy up.,Attractiveness,,,True
it_100443,7FACTOR,0.82,1,False,Make friends easily.,Extraversion,,,True
it_100444,7FACTOR,0.77,1,False,Make people feel at ease.,Agreeableness,,,True
it_100445,7FACTOR,0.72,1,False,Need the approval of others.,Negative-Valence,,,True
it_100446,7FACTOR,0.82,1,False,Never at a loss for words.,Extraversion,,,True
it_100447,7FACTOR,0.75,1,False,Pay attention to details.,Conscientiousness,,,True
it_100448,7FACTOR,0.66,-1,True,Pay no attention to my appearance.,Attractiveness,,,True
it_100449,7FACTOR,0.77,-1,True,Put people under pressure.,Agreeableness,,,True
it_100450,7FACTOR,0.84,1,False,Quick to understand things.,Intellect,,,True
it_100451,7FACTOR,0.82,-1,True,Speak softly.,Extraversion,,,True
it_100452,7FACTOR,0.77,1,False,Sympathize with others' feelings.,Agreeableness,,,True
it_100453,7FACTOR,0.77,-1,True,Take advantage of others.,Agreeableness,,,True
it_100454,7FACTOR,0.82,1,False,Take charge.,Extraversion,,,True
it_100455,7FACTOR,0.86,1,False,Take things as they come.,Emotional Stability,,,True
it_100456,7FACTOR,0.72,1,False,Talk mainly about myself.,Negative-Valence,,,True
it_100457,7FACTOR,0.82,1,False,Talk to a lot of different people at parties.,Extraversion,,,True
it_100458,7FACTOR,0.84,-1,True,Try to avoid complex people.,Intellect,,,True
it_100459,7FACTOR,0.75,1,False,Try to follow the rules.,Conscientiousness,,,True
it_100460,7FACTOR,0.72,1,False,Try to impress others.,Negative-Valence,,,True
it_100461,7FACTOR,0.72,1,False,Want to be told I am right.,Negative-Valence,,,True
it_100462,7FACTOR,0.72,1,False,Want to prove myself.,Negative-Valence,,,True
it_100463,7FACTOR,0.84,-1,True,Will not probe deeply into a subject.,Intellect,,,True
it_100464,AB5C,0.83,1,False,Accept people as they are.,Calmness,,,True
it_100465,AB5C,0.75,1,False,Accomplish my work on time.,Conscientiousness,,,True
it_100466,AB5C,0.73,-1,True,Act at the expense of others.,Morality,,,True
it_100467,AB5C,0.85,1,False,Act comfortably with others.,Friendliness,,,True
it_100468,AB5C,0.78,1,False,Act wild and crazy.,Self-disclosure,,,True
it_100469,AB5C,0.84,1,False,Adapt easily to new situations.,Happiness,,,True
it_100470,AB5C,0.73,-1,True,Am a creature of habit.,Cool-headedness,,,True
it_100471,AB5C,0.85,-1,True,Am a very private person.,Friendliness,,,True
it_100472,AB5C,0.76,1,False,Am able to control my cravings.,Moderation,,,True
it_100473,AB5C,0.84,1,False,Am able to find out things by myself.,Quickness,,,True
it_100474,AB5C,0.82,-1,True,Am afraid to draw attention to myself.,Leadership,,,True
it_100475,AB5C,0.75,1,False,Am always busy.,Assertiveness,,,True
it_100476,AB5C,0.76,1,False,Am always in the same mood.,Tranquility,,,True
it_100477,AB5C,0.81,1,False,Am always prepared.,Purposefulness,,,True
it_100478,AB5C,0.73,-1,True,Am attached to conventional ways.,Cool-headedness,,,True
it_100479,AB5C,0.84,1,False,Am calm even in tense situations.,Toughness,,,True
it_100480,AB5C,0.75,1,False,Am careful to avoid making mistakes.,Conscientiousness,,,True
it_100481,AB5C,0.82,1,False,Am comfortable in unfamiliar situations.,Poise,,,True
it_100482,AB5C,0.74,1,False,Am concerned about others.,Sympathy,,,True
it_100483,AB5C,0.74,1,False,Am deeply moved by others' misfortunes.,Sympathy,,,True
it_100484,AB5C,0.84,-1,True,Am easily confused.,Toughness,,,True
it_100485,AB5C,0.81,-1,True,Am easily distracted.,Purposefulness,,,True
it_100486,AB5C,0.86,-1,True,Am easily disturbed.,Stability,,,True
it_100487,AB5C,0.78,-1,True,Am easily excited.,Impulse-Control,,,True
it_100488,AB5C,0.84,-1,True,Am easily frightened.,Toughness,,,True
it_100489,AB5C,0.84,-1,True,Am easily hurt.,Toughness,,,True
it_100490,AB5C,0.84,-1,True,Am easily moved to tears.,Imperturbability,,,True
it_100491,AB5C,0.84,-1,True,Am easily offended.,Toughness,,,True
it_100492,AB5C,0.77,-1,True,Am easily talked into doing silly things.,Cautiousness,,,True
it_100493,AB5C,0.76,1,False,Am easy to satisfy.,Pleasantness,,,True
it_100494,AB5C,0.83,1,False,Am exacting in my work.,Efficiency,,,True
it_100495,AB5C,0.84,-1,True,Am filled with doubts about things.,Happiness,,,True
it_100496,AB5C,0.84,1,False,Am full of ideas.,Ingenuity,,,True
it_100497,AB5C,0.84,1,False,Am good at many things.,Ingenuity,,,True
it_100498,AB5C,0.76,-1,True,Am guided by my moods.,Moderation,,,True
it_100499,AB5C,0.85,-1,True,Am hard to get to know.,Friendliness,,,True
it_100500,AB5C,0.76,-1,True,Am hard to satisfy.,Pleasantness,,,True
it_100501,AB5C,0.81,-1,True,Am indifferent to the feelings of others.,Understanding,,,True
it_100502,AB5C,0.84,1,False,Am interested in people.,Warmth,,,True
it_100503,AB5C,0.72,1,False,Am not afraid of providing criticism.,Provocativeness,,,True
it_100504,AB5C,0.67,-1,True,Am not as strict as I should be.,Rationality,,,True
it_100505,AB5C,0.76,-1,True,Am not bothered by disorder.,Perfectionism,,,True
it_100506,AB5C,0.76,-1,True,Am not bothered by messy people.,Perfectionism,,,True
it_100507,AB5C,0.76,1,False,Am not disturbed by events.,Tranquility,,,True
it_100508,AB5C,0.84,1,False,Am not easily affected by my emotions.,Imperturbability,,,True
it_100509,AB5C,0.86,1,False,Am not easily bothered by things.,Stability,,,True
it_100510,AB5C,0.81,1,False,Am not easily distracted.,Purposefulness,,,True
it_100511,AB5C,0.86,1,False,Am not easily frustrated.,Stability,,,True
it_100512,AB5C,0.76,1,False,Am not easily stirred.,Tranquility,,,True
it_100513,AB5C,0.82,1,False,Am not embarrassed easily.,Poise,,,True
it_100514,AB5C,0.75,-1,True,Am not highly motivated to succeed.,Assertiveness,,,True
it_100515,AB5C,0.7,-1,True,Am not in touch with my feelings.,Empathy,,,True
it_100516,AB5C,0.81,-1,True,Am not interested in other people's problems.,Understanding,,,True
it_100517,AB5C,0.81,-1,True,Am not interested in speculating about things.,Creativity/Originality,,,True
it_100518,AB5C,0.81,-1,True,Am not interested in theoretical discussions.,Creativity/Originality,,,True
it_100519,AB5C,0.76,-1,True,Am not sure where my life is going.,Moderation,,,True
it_100520,AB5C,0.83,-1,True,Am often in a bad mood.,Calmness,,,True
it_100521,AB5C,0.75,-1,True,Am often late to work.,Conscientiousness,,,True
it_100522,AB5C,0.76,1,False,Am on good terms with nearly everyone.,Pleasantness,,,True
it_100523,AB5C,0.85,1,False,Am open about my feelings.,Friendliness,,,True
it_100524,AB5C,0.78,1,False,Am open about myself to others.,Self-disclosure,,,True
it_100525,AB5C,0.76,-1,True,Am quick to judge others.,Pleasantness,,,True
it_100526,AB5C,0.84,1,False,Am quick to understand things.,Quickness,,,True
it_100527,AB5C,0.83,-1,True,Am quiet around strangers.,Gregariousness,,,True
it_100528,AB5C,0.76,1,False,Am relaxed most of the time.,Tranquility,,,True
it_100529,AB5C,0.84,1,False,Am sure of my ground.,Happiness,,,True
it_100530,AB5C,0.76,-1,True,Am swayed by my emotions.,Tranquility,,,True
it_100531,AB5C,0.82,1,False,Am the first to act.,Leadership,,,True
it_100532,AB5C,0.66,-1,True,Amuse myself easily.,Sociability,,,True
it_100533,AB5C,0.7,1,False,Anticipate the needs of others.,Empathy,,,True
it_100534,AB5C,0.78,1,False,Appreciate good manners.,Dutifulness,,,True
it_100535,AB5C,0.81,1,False,Appreciate the viewpoints of others.,Understanding,,,True
it_100536,AB5C,0.81,1,False,Ask questions that nobody else does.,Creativity/Originality,,,True
it_100537,AB5C,0.75,1,False,Automatically take charge.,Assertiveness,,,True
it_100538,AB5C,0.85,-1,True,Avoid contacts with others.,Friendliness,,,True
it_100539,AB5C,0.84,-1,True,Avoid difficult reading material.,Quickness,,,True
it_100540,AB5C,0.81,-1,True,Avoid philosophical discussions.,Creativity/Originality,,,True
it_100541,AB5C,0.78,-1,True,Barge in on conversations.,Impulse-Control,,,True
it_100542,AB5C,0.84,-1,True,Become overwhelmed by events.,Toughness,,,True
it_100543,AB5C,0.78,1,False,Behave properly.,Dutifulness,,,True
it_100544,AB5C,0.74,1,False,Believe crying helps me feel better.,Tenderness,,,True
it_100545,AB5C,0.67,1,False,Believe in a logical answer for everything.,Rationality,,,True
it_100546,AB5C,0.67,1,False,Believe in an eye for an eye.,Rationality,,,True
it_100547,AB5C,0.78,1,False,Believe in the importance of art.,Imagination,,,True
it_100548,AB5C,0.71,-1,True,Believe only in myself.,Nurturance,,,True
it_100549,AB5C,0.74,-1,True,Believe people should fend for themselves.,Sympathy,,,True
it_100550,AB5C,0.67,-1,True,Believe that criminals should receive help rather than punishment,Rationality,,,True
it_100551,AB5C,0.71,-1,True,Believe that I am better than others.,Nurturance,,,True
it_100552,AB5C,0.78,-1,True,Blurt out whatever comes into my mind.,Impulse-Control,,,True
it_100553,AB5C,0.72,1,False,Boast about my virtues.,Provocativeness,,,True
it_100554,AB5C,0.83,-1,True,Bottle up my feelings.,Gregariousness,,,True
it_100555,AB5C,0.73,-1,True,Break rules.,Morality,,,True
it_100556,AB5C,0.84,-1,True,Burst into tears.,Imperturbability,,,True
it_100557,AB5C,0.76,-1,True,Can be stirred up easily.,Tranquility,,,True
it_100558,AB5C,0.81,1,False,Can easily link facts together.,Creativity/Originality,,,True
it_100559,AB5C,0.75,1,False,Can easily push myself forward.,Assertiveness,,,True
it_100560,AB5C,0.84,1,False,Can handle a lot of information.,Quickness,,,True
it_100561,AB5C,0.84,1,False,Can handle complex problems.,Quickness,,,True
it_100562,AB5C,0.84,1,False,Can stand criticism.,Toughness,,,True
it_100563,AB5C,0.72,1,False,Can take strong measures.,Provocativeness,,,True
it_100564,AB5C,0.81,-1,True,Can't be bothered with other's needs.,Understanding,,,True
it_100565,AB5C,0.84,-1,True,Can't come up with new ideas.,Ingenuity,,,True
it_100566,AB5C,0.76,-1,True,Can't concentrate.,Moderation,,,True
it_100567,AB5C,0.66,1,False,Can't do without the company of others.,Sociability,,,True
it_100568,AB5C,0.81,-1,True,Can't make up my mind.,Purposefulness,,,True
it_100569,AB5C,0.71,-1,True,Can't stand being alone.,Introspection/Private Self-Consciousness,,,True
it_100570,AB5C,0.73,-1,True,Can't stand being contradicted.,Cool-headedness,,,True
it_100571,AB5C,0.72,-1,True,Can't stand confrontations.,Provocativeness,,,True
it_100572,AB5C,0.81,1,False,Carry out my plans.,Purposefulness,,,True
it_100573,AB5C,0.84,1,False,Carry the conversation to a higher level.,Ingenuity,,,True
it_100574,AB5C,0.84,1,False,Catch on to things quickly.,Quickness,,,True
it_100575,AB5C,0.81,1,False,Challenge others' points of view.,Creativity/Originality,,,True
it_100576,AB5C,0.86,-1,True,Change my mood a lot.,Stability,,,True
it_100577,AB5C,0.78,1,False,Check over my work.,Dutifulness,,,True
it_100578,AB5C,0.74,1,False,Cherish mementos.,Tenderness,,,True
it_100579,AB5C,0.67,1,False,Come straight to the point.,Rationality,,,True
it_100580,AB5C,0.75,1,False,Come up with a solution right away.,Assertiveness,,,True
it_100581,AB5C,0.84,1,False,Come up with bold plans.,Ingenuity,,,True
it_100582,AB5C,0.73,-1,True,Comment loudly about others.,Cooperation,,,True
it_100583,AB5C,0.78,1,False,Complete tasks successfully.,Organization,,,True
it_100584,AB5C,0.81,-1,True,Consider myself an average person.,Creativity/Originality,,,True
it_100585,AB5C,0.76,1,False,Continue until everything is perfect.,Perfectionism,,,True
it_100586,AB5C,0.76,-1,True,Contradict others.,Pleasantness,,,True
it_100587,AB5C,0.76,-1,True,Criticize others' shortcomings.,Pleasantness,,,True
it_100588,AB5C,0.84,-1,True,Cry during movies.,Imperturbability,,,True
it_100589,AB5C,0.84,-1,True,Cry easily.,Imperturbability,,,True
it_100590,AB5C,0.72,1,False,Dare to say anything.,Provocativeness,,,True
it_100591,AB5C,0.74,-1,True,Demand a lot from others.,Sympathy,,,True
it_100592,AB5C,0.78,-1,True,Demand attention.,Impulse-Control,,,True
it_100593,AB5C,0.73,-1,True,Demand obedience.,Cool-headedness,,,True
it_100594,AB5C,0.76,1,False,Demand perfection in others.,Perfectionism,,,True
it_100595,AB5C,0.78,1,False,Demand quality.,Organization,,,True
it_100596,AB5C,0.84,1,False,Demand to be the center of interest.,Talkativeness,,,True
it_100597,AB5C,0.78,1,False,Detect mistakes.,Organization,,,True
it_100598,AB5C,0.78,1,False,Disclose my intimate thoughts.,Self-disclosure,,,True
it_100599,AB5C,0.67,1,False,Dislike imperfect work.,Rationality,,,True
it_100600,AB5C,0.81,-1,True,Dislike learning.,Intellect,,,True
it_100601,AB5C,0.84,-1,True,Dislike myself.,Happiness,,,True
it_100602,AB5C,0.66,-1,True,Dislike neighbors living too close.,Sociability,,,True
it_100603,AB5C,0.78,-1,True,Dislike routine.,Orderliness,,,True
it_100604,AB5C,0.84,-1,True,Dislike talking about myself.,Talkativeness,,,True
it_100605,AB5C,0.78,-1,True,Disregard rules.,Dutifulness,,,True
it_100606,AB5C,0.75,1,False,Do a lot in my spare time.,Assertiveness,,,True
it_100607,AB5C,0.77,-1,True,Do crazy things.,Cautiousness,,,True
it_100608,AB5C,0.73,-1,True,Do dangerous things.,Cooperation,,,True
it_100609,AB5C,0.78,-1,True,Do improper things.,Dutifulness,,,True
it_100610,AB5C,0.84,1,False,Do most of the talking.,Talkativeness,,,True
it_100611,AB5C,0.78,-1,True,Do not enjoy going to art museums.,Imagination,,,True
it_100612,AB5C,0.75,-1,True,Do not enjoy watching dance performances.,Reflection,,,True
it_100613,AB5C,0.84,-1,True,Do not have a good imagination.,Ingenuity,,,True
it_100614,AB5C,0.78,-1,True,Do not like art.,Imagination,,,True
it_100615,AB5C,0.75,-1,True,Do not like concerts.,Reflection,,,True
it_100616,AB5C,0.78,-1,True,Do not like poetry.,Imagination,,,True
it_100617,AB5C,0.75,-1,True,Do not plan ahead.,Conscientiousness,,,True
it_100618,AB5C,0.78,-1,True,Do the opposite of what is asked.,Dutifulness,,,True
it_100619,AB5C,0.75,1,False,Do things according to a plan.,Conscientiousness,,,True
it_100620,AB5C,0.71,1,False,Do things at my own pace.,Introspection/Private Self-Consciousness,,,True
it_100621,AB5C,0.81,-1,True,Do things at the last minute.,Purposefulness,,,True
it_100622,AB5C,0.78,1,False,Do things by the book.,Orderliness,,,True
it_100623,AB5C,0.76,-1,True,Do things I later regret.,Moderation,,,True
it_100624,AB5C,0.67,-1,True,Do things in a half-way manner.,Rationality,,,True
it_100625,AB5C,0.67,1,False,Do things in a logical order.,Rationality,,,True
it_100626,AB5C,0.74,-1,True,Don't call people just to talk.,Tenderness,,,True
it_100627,AB5C,0.74,-1,True,Don't care about dressing nicely.,Tenderness,,,True
it_100628,AB5C,0.73,-1,True,Don't care about rules.,Morality,,,True
it_100629,AB5C,0.74,-1,True,Don't fall for sob stories.,Sympathy,,,True
it_100630,AB5C,0.74,-1,True,Don't get excited about things.,Tenderness,,,True
it_100631,AB5C,0.7,-1,True,Don't have a soft side.,Empathy,,,True
it_100632,AB5C,0.76,-1,True,Don't know why I do some of the things I do.,Moderation,,,True
it_100633,AB5C,0.66,-1,True,Don't like crowded events.,Sociability,,,True
it_100634,AB5C,0.83,-1,True,Don't like to draw attention to myself.,Gregariousness,,,True
it_100635,AB5C,0.71,-1,True,Don't like to ponder over things.,Introspection/Private Self-Consciousness,,,True
it_100636,AB5C,0.84,1,False,Don't lose my head.,Toughness,,,True
it_100637,AB5C,0.72,1,False,Don't mind being the center of attention.,Provocativeness,,,True
it_100638,AB5C,0.71,1,False,Don't mind eating alone.,Introspection/Private Self-Consciousness,,,True
it_100639,AB5C,0.78,-1,True,Don't pay attention.,Organization,,,True
it_100640,AB5C,0.81,-1,True,Don't see things through.,Purposefulness,,,True
it_100641,AB5C,0.83,-1,True,Don't talk a lot.,Gregariousness,,,True
it_100642,AB5C,0.78,-1,True,Don't think laws apply to me.,Dutifulness,,,True
it_100643,AB5C,0.74,-1,True,Don't understand people who get emotional.,Tenderness,,,True
it_100644,AB5C,0.84,-1,True,Don't understand things.,Quickness,,,True
it_100645,AB5C,0.76,1,False,Easily resist temptations.,Moderation,,,True
it_100646,AB5C,0.66,1,False,Enjoy being on the go.,Sociability,,,True
it_100647,AB5C,0.66,1,False,Enjoy being part of a loud crowd.,Sociability,,,True
it_100648,AB5C,0.73,-1,True,Enjoy being reckless.,Cooperation,,,True
it_100649,AB5C,0.71,1,False,Enjoy contemplation.,Introspection/Private Self-Consciousness,,,True
it_100650,AB5C,0.73,-1,True,Enjoy crude jokes.,Cooperation,,,True
it_100651,AB5C,0.75,1,False,Enjoy discussing movies and books with others.,Reflection,,,True
it_100652,AB5C,0.77,1,False,Enjoy examining myself and my life.,Depth,,,True
it_100653,AB5C,0.71,1,False,Enjoy my privacy.,Introspection/Private Self-Consciousness,,,True
it_100654,AB5C,0.66,-1,True,Enjoy silence.,Sociability,,,True
it_100655,AB5C,0.71,1,False,Enjoy spending time by myself.,Introspection/Private Self-Consciousness,,,True
it_100656,AB5C,0.75,1,False,Enjoy the beauty of nature.,Reflection,,,True
it_100657,AB5C,0.81,1,False,Enjoy thinking about things.,Intellect,,,True
it_100658,AB5C,0.74,1,False,Excel in what I do.,Competence,,,True
it_100659,AB5C,0.76,1,False,Expect dedicated work from others.,Perfectionism,,,True
it_100660,AB5C,0.76,-1,True,Experience my emotions intensely.,Tranquility,,,True
it_100661,AB5C,0.76,1,False,Experience very few emotional highs and lows.,Tranquility,,,True
it_100662,AB5C,0.78,1,False,Express childlike joy.,Self-disclosure,,,True
it_100663,AB5C,0.82,1,False,Express myself easily.,Leadership,,,True
it_100664,AB5C,0.82,1,False,Feel comfortable around people.,Poise,,,True
it_100665,AB5C,0.84,1,False,Feel comfortable with myself.,Happiness,,,True
it_100666,AB5C,0.84,-1,True,Feel crushed by setbacks.,Toughness,,,True
it_100667,AB5C,0.81,-1,True,Feel little concern for others.,Understanding,,,True
it_100668,AB5C,0.74,1,False,Feel sympathy for those who are worse off than myself.,Sympathy,,,True
it_100669,AB5C,0.84,-1,True,Feel threatened easily.,Happiness,,,True
it_100670,AB5C,0.82,-1,True,Find it difficult to approach others.,Poise,,,True
it_100671,AB5C,0.83,-1,True,Find it difficult to get down to work.,Efficiency,,,True
it_100672,AB5C,0.76,-1,True,Find it hard to forgive others.,Pleasantness,,,True
it_100673,AB5C,0.83,1,False,Finish what I start.,Efficiency,,,True
it_100674,AB5C,0.78,1,False,Follow a schedule.,Orderliness,,,True
it_100675,AB5C,0.78,1,False,Follow directions.,Dutifulness,,,True
it_100676,AB5C,0.78,1,False,Follow through on my commitments.,Organization,,,True
it_100677,AB5C,0.83,1,False,Follow through with my plans.,Efficiency,,,True
it_100678,AB5C,0.83,-1,True,Frequently forget to do things.,Efficiency,,,True
it_100679,AB5C,0.67,1,False,Get a head start on others.,Rationality,,,True
it_100680,AB5C,0.86,-1,True,Get caught up in my problems.,Stability,,,True
it_100681,AB5C,0.83,1,False,Get chores done right away.,Efficiency,,,True
it_100682,AB5C,0.83,-1,True,Get furious.,Calmness,,,True
it_100683,AB5C,0.76,-1,True,Get out of control.,Moderation,,,True
it_100684,AB5C,0.84,-1,True,Get overwhelmed by emotions.,Imperturbability,,,True
it_100685,AB5C,0.86,-1,True,Get stressed out easily.,Stability,,,True
it_100686,AB5C,0.81,1,False,Get to work at once.,Purposefulness,,,True
it_100687,AB5C,0.86,-1,True,Get upset easily.,Stability,,,True
it_100688,AB5C,0.82,-1,True,Give up easily.,Poise,,,True
it_100689,AB5C,0.66,-1,True,Go my own way.,Sociability,,,True
it_100690,AB5C,0.71,1,False,Go out of my way for others.,Nurturance,,,True
it_100691,AB5C,0.81,1,False,Handle tasks smoothly.,Purposefulness,,,True
it_100692,AB5C,0.72,-1,True,Hate to seem pushy.,Provocativeness,,,True
it_100693,AB5C,0.76,1,False,Have a good word for everyone.,Pleasantness,,,True
it_100694,AB5C,0.82,1,False,Have a lot of fun.,Poise,,,True
it_100695,AB5C,0.71,1,False,Have a point of view all my own.,Introspection/Private Self-Consciousness,,,True
it_100696,AB5C,0.71,1,False,Have a soft heart.,Nurturance,,,True
it_100697,AB5C,0.78,1,False,Have a vivid imagination.,Imagination,,,True
it_100698,AB5C,0.78,1,False,Have an eye for detail.,Organization,,,True
it_100699,AB5C,0.84,-1,True,Have crying fits.,Imperturbability,,,True
it_100700,AB5C,0.83,-1,True,Have days when I'm mad at the world.,Calmness,,,True
it_100701,AB5C,0.82,-1,True,Have difficulty expressing my feelings.,Leadership,,,True
it_100702,AB5C,0.84,-1,True,Have difficulty imagining things.,Ingenuity,,,True
it_100703,AB5C,0.83,-1,True,Have difficulty starting tasks.,Efficiency,,,True
it_100704,AB5C,0.81,-1,True,Have difficulty understanding abstract ideas.,Creativity/Originality,,,True
it_100705,AB5C,0.84,1,False,Have excellent ideas.,Ingenuity,,,True
it_100706,AB5C,0.76,-1,True,Have frequent mood swings.,Tranquility,,,True
it_100707,AB5C,0.82,-1,True,Have little to say.,Leadership,,,True
it_100708,AB5C,0.67,1,False,Have no sympathy for criminals.,Rationality,,,True
it_100709,AB5C,0.73,-1,True,Impose my will on others.,Cooperation,,,True
it_100710,AB5C,0.84,1,False,Inquire about others' well-being.,Warmth,,,True
it_100711,AB5C,0.76,-1,True,Insult people.,Pleasantness,,,True
it_100712,AB5C,0.78,1,False,Joke around a lot.,Self-disclosure,,,True
it_100713,AB5C,0.77,-1,True,Jump into things without thinking.,Cautiousness,,,True
it_100714,AB5C,0.76,1,False,Keep a sharp eye on others' work.,Perfectionism,,,True
it_100715,AB5C,0.83,-1,True,Keep in the background.,Gregariousness,,,True
it_100716,AB5C,0.75,1,False,Keep my checkbook balanced.,Conscientiousness,,,True
it_100717,AB5C,0.86,1,False,Keep my cool.,Stability,,,True
it_100718,AB5C,0.78,1,False,Keep my emotions under control.,Impulse-Control,,,True
it_100719,AB5C,0.83,-1,True,Keep my thoughts to myself.,Gregariousness,,,True
it_100720,AB5C,0.78,1,False,Keep myself well-groomed.,Dutifulness,,,True
it_100721,AB5C,0.85,-1,True,Keep others at a distance.,Friendliness,,,True
it_100722,AB5C,0.73,-1,True,Keep up an appearance.,Cool-headedness,,,True
it_100723,AB5C,0.74,1,False,Know how to apply my knowledge.,Competence,,,True
it_100724,AB5C,0.82,1,False,Know how to captivate people.,Leadership,,,True
it_100725,AB5C,0.84,1,False,Know how to cope.,Toughness,,,True
it_100726,AB5C,0.72,1,False,Know how to get around the rules.,Provocativeness,,,True
it_100727,AB5C,0.72,1,False,Know no limits.,Provocativeness,,,True
it_100728,AB5C,0.81,1,False,Know the answers to many questions.,Creativity/Originality,,,True
it_100729,AB5C,0.75,1,False,Know what I want.,Assertiveness,,,True
it_100730,AB5C,0.77,-1,True,Laugh at the slightest provocation.,Cautiousness,,,True
it_100731,AB5C,0.78,1,False,Laugh my way through life.,Self-disclosure,,,True
it_100732,AB5C,0.74,1,False,Learn quickly.,Competence,,,True
it_100733,AB5C,0.75,-1,True,Leave my work undone.,Conscientiousness,,,True
it_100734,AB5C,0.67,-1,True,Let my attention wander off.,Rationality,,,True
it_100735,AB5C,0.78,1,False,Let myself go.,Self-disclosure,,,True
it_100736,AB5C,0.78,1,False,Let others finish what they are saying.,Impulse-Control,,,True
it_100737,AB5C,0.82,-1,True,Let others make the decisions.,Leadership,,,True
it_100738,AB5C,0.67,-1,True,Let people pull my leg.,Rationality,,,True
it_100739,AB5C,0.73,1,False,Like harmony in my life.,Morality,,,True
it_100740,AB5C,0.75,1,False,Like music.,Reflection,,,True
it_100741,AB5C,0.77,-1,True,Like to act on a whim.,Cautiousness,,,True
it_100742,AB5C,0.78,1,False,Like to amuse others.,Self-disclosure,,,True
it_100743,AB5C,0.84,1,False,Like to attract attention.,Talkativeness,,,True
it_100744,AB5C,0.66,-1,True,Like to be alone.,Sociability,,,True
it_100745,AB5C,0.81,1,False,Like to be of service to others.,Understanding,,,True
it_100746,AB5C,0.74,1,False,Like to do things for others.,Sympathy,,,True
it_100747,AB5C,0.77,1,False,Like to get lost in thought.,Depth,,,True
it_100748,AB5C,0.78,-1,True,Like to gossip.,Impulse-Control,,,True
it_100749,AB5C,0.77,-1,True,Like to laugh out loud.,Cautiousness,,,True
it_100750,AB5C,0.75,1,False,Like to plan ahead.,Conscientiousness,,,True
it_100751,AB5C,0.71,1,False,Like to please others.,Nurturance,,,True
it_100752,AB5C,0.81,1,False,Like to solve complex problems.,Creativity/Originality,,,True
it_100753,AB5C,0.74,-1,True,Listen to my brain rather than my heart.,Sympathy,,,True
it_100754,AB5C,0.73,1,False,Listen to my conscience.,Cooperation,,,True
it_100755,AB5C,0.74,1,False,Listen to my heart rather than my brain.,Tenderness,,,True
it_100756,AB5C,0.71,1,False,Live in a world of my own.,Introspection/Private Self-Consciousness,,,True
it_100757,AB5C,0.84,1,False,Look at the bright side of life.,Happiness,,,True
it_100758,AB5C,0.74,1,False,Look at the facts.,Competence,,,True
it_100759,AB5C,0.74,-1,True,Look down on any weakness.,Sympathy,,,True
it_100760,AB5C,0.77,1,False,Look for hidden meanings in things.,Depth,,,True
it_100761,AB5C,0.73,-1,True,Love a good fight.,Cooperation,,,True
it_100762,AB5C,0.75,1,False,Love beautiful things.,Reflection,,,True
it_100763,AB5C,0.74,1,False,Love children's movies.,Tenderness,,,True
it_100764,AB5C,0.75,1,False,Love flowers.,Reflection,,,True
it_100765,AB5C,0.82,1,False,Love life.,Poise,,,True
it_100766,AB5C,0.73,-1,True,Love order and regularity.,Cool-headedness,,,True
it_100767,AB5C,0.84,1,False,Love to read challenging material.,Quickness,,,True
it_100768,AB5C,0.7,1,False,Love to reflect on things.,Empathy,,,True
it_100769,AB5C,0.84,1,False,Make a lot of noise.,Talkativeness,,,True
it_100770,AB5C,0.81,-1,True,Make a mess of things.,Purposefulness,,,True
it_100771,AB5C,0.75,1,False,Make beautiful things.,Reflection,,,True
it_100772,AB5C,0.72,1,False,Make demands on others.,Provocativeness,,,True
it_100773,AB5C,0.71,-1,True,Make enemies.,Nurturance,,,True
it_100774,AB5C,0.84,1,False,Make myself the center of attention.,Talkativeness,,,True
it_100775,AB5C,0.84,1,False,Make others feel good.,Warmth,,,True
it_100776,AB5C,0.84,1,False,Make people feel welcome.,Warmth,,,True
it_100777,AB5C,0.83,1,False,Make plans and stick to them.,Efficiency,,,True
it_100778,AB5C,0.78,-1,True,Make rash decisions.,Dutifulness,,,True
it_100779,AB5C,0.78,1,False,Make well-considered decisions.,Organization,,,True
it_100780,AB5C,0.74,1,False,Meet challenges.,Competence,,,True
it_100781,AB5C,0.81,-1,True,Mess things up.,Purposefulness,,,True
it_100782,AB5C,0.78,1,False,Need a creative outlet.,Imagination,,,True
it_100783,AB5C,0.75,-1,True,Need a lot of time to do things.,Assertiveness,,,True
it_100784,AB5C,0.83,-1,True,Need a push to get started.,Efficiency,,,True
it_100785,AB5C,0.74,1,False,Need things explained only once.,Competence,,,True
it_100786,AB5C,0.77,1,False,Need to understand my motives.,Depth,,,True
it_100787,AB5C,0.75,-1,True,Neglect my duties.,Conscientiousness,,,True
it_100788,AB5C,0.82,1,False,Never at a loss for words.,Leadership,,,True
it_100789,AB5C,0.77,-1,True,Never challenge things.,Depth,,,True
it_100790,AB5C,0.77,1,False,Never spend more than I can afford.,Cautiousness,,,True
it_100791,AB5C,0.77,1,False,Never splurge.,Cautiousness,,,True
it_100792,AB5C,0.84,1,False,Never stop talking.,Talkativeness,,,True
it_100793,AB5C,0.84,-1,True,Often feel blue.,Happiness,,,True
it_100794,AB5C,0.82,-1,True,Often feel uncomfortable around others.,Poise,,,True
it_100795,AB5C,0.75,-1,True,Often forget to put things back in their proper place.,Conscientiousness,,,True
it_100796,AB5C,0.78,-1,True,Often make a fuss.,Impulse-Control,,,True
it_100797,AB5C,0.77,-1,True,Often make last-minute plans.,Cautiousness,,,True
it_100798,AB5C,0.82,-1,True,Only feel comfortable with friends.,Poise,,,True
it_100799,AB5C,0.73,-1,True,Only talk about my own interests.,Morality,,,True
it_100800,AB5C,0.71,-1,True,Oppose authority.,Nurturance,,,True
it_100801,AB5C,0.73,-1,True,Overestimate my achievements.,Morality,,,True
it_100802,AB5C,0.84,-1,True,Panic easily.,Toughness,,,True
it_100803,AB5C,0.78,1,False,Pay attention to details.,Organization,,,True
it_100804,AB5C,0.78,-1,True,Pay no attention to my appearance.,Dutifulness,,,True
it_100805,AB5C,0.73,-1,True,Play tricks on others.,Cooperation,,,True
it_100806,AB5C,0.83,-1,True,Postpone decisions.,Efficiency,,,True
it_100807,AB5C,0.71,1,False,Prefer to be alone.,Introspection/Private Self-Consciousness,,,True
it_100808,AB5C,0.78,-1,True,Prefer to deal with strangers in a formal manner.,Self-disclosure,,,True
it_100809,AB5C,0.78,1,False,Prefer variety to routine.,Imagination,,,True
it_100810,AB5C,0.7,-1,True,Pretend to be concerned for others.,Empathy,,,True
it_100811,AB5C,0.77,1,False,Purchase only practical things.,Cautiousness,,,True
it_100812,AB5C,0.78,-1,True,Put little time and effort into my work.,Organization,,,True
it_100813,AB5C,0.75,-1,True,Put off unpleasant tasks.,Conscientiousness,,,True
it_100814,AB5C,0.71,-1,True,Put people under pressure.,Nurturance,,,True
it_100815,AB5C,0.84,1,False,Quickly get the idea of things.,Quickness,,,True
it_100816,AB5C,0.84,1,False,Quickly think up new ideas.,Ingenuity,,,True
it_100817,AB5C,0.85,1,False,Radiate joy.,Friendliness,,,True
it_100818,AB5C,0.77,-1,True,Rarely look for a deeper meaning in things.,Depth,,,True
it_100819,AB5C,0.76,1,False,Rarely notice my emotional reactions.,Tranquility,,,True
it_100820,AB5C,0.76,1,False,Rarely overindulge.,Moderation,,,True
it_100821,AB5C,0.84,-1,True,Rarely smile.,Warmth,,,True
it_100822,AB5C,0.78,-1,True,React intensely.,Impulse-Control,,,True
it_100823,AB5C,0.67,1,False,Reason logically.,Rationality,,,True
it_100824,AB5C,0.74,1,False,Reassure others.,Sympathy,,,True
it_100825,AB5C,0.76,1,False,Remain calm under pressure.,Moderation,,,True
it_100826,AB5C,0.74,1,False,Remember my friends' birthdays.,Tenderness,,,True
it_100827,AB5C,0.73,1,False,Respect authority.,Morality,,,True
it_100828,AB5C,0.76,1,False,Respect others.,Pleasantness,,,True
it_100829,AB5C,0.81,1,False,Respect others' feelings.,Understanding,,,True
it_100830,AB5C,0.73,1,False,Respect the privacy of others.,Morality,,,True
it_100831,AB5C,0.82,-1,True,Retreat from others.,Poise,,,True
it_100832,AB5C,0.75,1,False,Return borrowed items.,Conscientiousness,,,True
it_100833,AB5C,0.85,-1,True,Reveal little about myself.,Friendliness,,,True
it_100834,AB5C,0.78,-1,True,Say inappropriate things.,Dutifulness,,,True
it_100835,AB5C,0.73,-1,True,Scheme against others.,Morality,,,True
it_100836,AB5C,0.75,1,False,See beauty in things that others might not notice.,Reflection,,,True
it_100837,AB5C,0.78,1,False,See that rules are observed.,Orderliness,,,True
it_100838,AB5C,0.73,-1,True,Seek conflict.,Cooperation,,,True
it_100839,AB5C,0.71,-1,True,Seek danger.,Nurturance,,,True
it_100840,AB5C,0.74,1,False,Seek explanations of things.,Competence,,,True
it_100841,AB5C,0.66,-1,True,Seek quiet.,Sociability,,,True
it_100842,AB5C,0.84,1,False,Seldom feel blue.,Happiness,,,True
it_100843,AB5C,0.84,1,False,Seldom get emotional.,Imperturbability,,,True
it_100844,AB5C,0.86,1,False,Seldom get mad.,Stability,,,True
it_100845,AB5C,0.78,-1,True,Seldom joke around.,Self-disclosure,,,True
it_100846,AB5C,0.78,-1,True,Seldom notice details.,Organization,,,True
it_100847,AB5C,0.86,1,False,Seldom take offense.,Stability,,,True
it_100848,AB5C,0.7,1,False,Sense others' wishes.,Empathy,,,True
it_100849,AB5C,0.78,1,False,Set high standards for myself and others.,Organization,,,True
it_100850,AB5C,0.81,-1,True,Shirk my duties.,Purposefulness,,,True
it_100851,AB5C,0.78,-1,True,Shoot my mouth off.,Impulse-Control,,,True
it_100852,AB5C,0.81,1,False,Show a mastery of language.,Intellect,,,True
it_100853,AB5C,0.74,1,False,Show my feelings.,Tenderness,,,True
it_100854,AB5C,0.84,1,False,Show my gratitude.,Warmth,,,True
it_100855,AB5C,0.84,1,False,Speak loudly.,Talkativeness,,,True
it_100856,AB5C,0.84,-1,True,Speak softly.,Talkativeness,,,True
it_100857,AB5C,0.71,1,False,Spend time reflecting on things.,Introspection/Private Self-Consciousness,,,True
it_100858,AB5C,0.78,1,False,Stick to the rules.,Dutifulness,,,True
it_100859,AB5C,0.75,1,False,Stick up for myself.,Assertiveness,,,True
it_100860,AB5C,0.74,1,False,Suffer from others' sorrows.,Tenderness,,,True
it_100861,AB5C,0.81,1,False,Sympathize with others' feelings.,Understanding,,,True
it_100862,AB5C,0.67,-1,True,Sympathize with the homeless.,Rationality,,,True
it_100863,AB5C,0.74,1,False,Take an interest in other people's lives.,Sympathy,,,True
it_100864,AB5C,0.82,1,False,Take charge.,Leadership,,,True
it_100865,AB5C,0.78,1,False,Take good care of my belongings.,Orderliness,,,True
it_100866,AB5C,0.81,-1,True,Take no time for others.,Understanding,,,True
it_100867,AB5C,0.84,-1,True,Take offense easily.,Toughness,,,True
it_100868,AB5C,0.81,1,False,Take others' interests into account.,Understanding,,,True
it_100869,AB5C,0.77,1,False,Take precautions.,Cautiousness,,,True
it_100870,AB5C,0.75,-1,True,Take tasks too lightly.,Conscientiousness,,,True
it_100871,AB5C,0.83,1,False,Take things as they come.,Calmness,,,True
it_100872,AB5C,0.75,1,False,Take time to reflect on things.,Reflection,,,True
it_100873,AB5C,0.78,-1,True,Talk even when I know I shouldn't.,Impulse-Control,,,True
it_100874,AB5C,0.84,1,False,Talk too much.,Talkativeness,,,True
it_100875,AB5C,0.73,-1,True,Tell tall stories about myself.,Cooperation,,,True
it_100876,AB5C,0.77,1,False,Tend to analyze things.,Depth,,,True
it_100877,AB5C,0.77,1,False,Tend to dislike impulsive people.,Cautiousness,,,True
it_100878,AB5C,0.74,-1,True,Tend to dislike soft-hearted people.,Sympathy,,,True
it_100879,AB5C,0.76,1,False,Tend to feel the same every day.,Tranquility,,,True
it_100880,AB5C,0.77,1,False,Tend to think about something for hours.,Depth,,,True
it_100881,AB5C,0.78,1,False,Think ahead.,Organization,,,True
it_100882,AB5C,0.77,1,False,Think deeply about things.,Depth,,,True
it_100883,AB5C,0.71,1,False,Think of others first.,Nurturance,,,True
it_100884,AB5C,0.73,-1,True,Think too highly of myself.,Cooperation,,,True
it_100885,AB5C,0.7,-1,True,Treat people as inferiors.,Empathy,,,True
it_100886,AB5C,0.76,1,False,Trust others.,Pleasantness,,,True
it_100887,AB5C,0.76,1,False,Trust what people say.,Pleasantness,,,True
it_100888,AB5C,0.74,-1,True,Try not to think about the needy.,Sympathy,,,True
it_100889,AB5C,0.84,-1,True,Try to avoid complex people.,Quickness,,,True
it_100890,AB5C,0.73,1,False,Try to follow the rules.,Morality,,,True
it_100891,AB5C,0.73,-1,True,Try to impress others.,Cool-headedness,,,True
it_100892,AB5C,0.75,1,False,Try to lead others.,Assertiveness,,,True
it_100893,AB5C,0.71,-1,True,Try to outdo others.,Nurturance,,,True
it_100894,AB5C,0.7,1,False,Try to stay in touch with myself.,Empathy,,,True
it_100895,AB5C,0.81,1,False,Try to understand myself.,Intellect,,,True
it_100896,AB5C,0.73,-1,True,Turn my back on others.,Morality,,,True
it_100897,AB5C,0.75,1,False,Turn plans into actions.,Assertiveness,,,True
it_100898,AB5C,0.81,1,False,Use difficult words.,Intellect,,,True
it_100899,AB5C,0.74,1,False,Use my brain.,Competence,,,True
it_100900,AB5C,0.73,1,False,Value cooperation over competition.,Cooperation,,,True
it_100901,AB5C,0.72,-1,True,Wait for my turn.,Provocativeness,,,True
it_100902,AB5C,0.76,1,False,Want every detail taken care of.,Perfectionism,,,True
it_100903,AB5C,0.73,-1,True,Want everything to add up perfectly.,Cool-headedness,,,True
it_100904,AB5C,0.76,1,False,Want everything to be just right.,Perfectionism,,,True
it_100905,AB5C,0.73,-1,True,Want things done my way.,Cool-headedness,,,True
it_100906,AB5C,0.76,1,False,Want things to proceed according to plan.,Perfectionism,,,True
it_100907,AB5C,0.71,1,False,Want to be left alone.,Introspection/Private Self-Consciousness,,,True
it_100908,AB5C,0.73,-1,True,Want to be told I am right.,Cool-headedness,,,True
it_100909,AB5C,0.74,1,False,Want to mean something to others.,Tenderness,,,True
it_100910,AB5C,0.74,1,False,Want to please others.,Tenderness,,,True
it_100911,AB5C,0.85,1,False,Warm up quickly to others.,Friendliness,,,True
it_100912,AB5C,0.83,-1,True,Waste my time.,Efficiency,,,True
it_100913,AB5C,0.84,-1,True,Wear my heart on my sleeve.,Imperturbability,,,True
it_100914,AB5C,0.71,1,False,Will do anything for others.,Nurturance,,,True
it_100915,AB5C,0.78,1,False,Work according to a routine.,Orderliness,,,True
it_100916,AB5C,0.7,1,False,Work on improving myself.,Empathy,,,True
it_100917,AB5C,0.84,-1,True,Worry about things.,Happiness,,,True
it_100918,AB5C,0.73,1,False,Would never cheat on my taxes.,Morality,,,True
it_100919,AB5C,0.71,1,False,Wouldn't harm a fly.,Nurturance,,,True
it_100920,Barchard2001,"0.59,0.63",-1,True,Am calm even in tense situations.,Responsive Distress,,,True
it_100921,Barchard2001,"0.64,0.80",1,False,Am concerned about others.,Empathy,,,True
it_100922,Barchard2001,"0.59,0.63",1,False,Am deeply moved by others' misfortunes.,Responsive Distress,,,True
it_100923,Barchard2001,"0.59,0.63",1,False,Am easily moved to tears.,Responsive Distress,,,True
it_100924,Barchard2001,"0.59,0.63",-1,True,Am not easily disturbed by events.,Responsive Distress,,,True
it_100925,Barchard2001,"0.81,0.83",-1,True,Am not in touch with my feelings.,Attention to Emotions,,,True
it_100926,Barchard2001,"0.73,0.70",1,False,Am strongly influenced by the good moods of others.,Responsive Joy,,,True
it_100927,Barchard2001,"0.73,0.70",-1,True,Am unaffected by other people's happiness.,Responsive Joy,,,True
it_100928,Barchard2001,"0.59,0.63",-1,True,Am unaffected by the suffering of others.,Responsive Distress,,,True
it_100929,Barchard2001,"0.59,0.63",1,False,Am upset by the misfortunes of strangers.,Responsive Distress,,,True
it_100930,Barchard2001,"0.81,0.83",1,False,Am usually aware of the way that I'm feeling.,Attention to Emotions,,,True
it_100931,Barchard2001,"0.73,0.67",1,False,"Base my goals in life on inspiration, rather than logic.",Emotion-based Decision-making,,,True
it_100932,Barchard2001,"0.73,0.67",1,False,Believe emotions give direction to life.,Emotion-based Decision-making,,,True
it_100933,Barchard2001,"0.73,0.67",-1,True,Believe important decisions should be based on logical reasoning.,Emotion-based Decision-making,,,True
it_100934,Barchard2001,"0.64,0.80",1,False,Believe that criminals should receive help rather than punishment.,Empathy,,,True
it_100935,Barchard2001,"0.64,0.80",1,False,Believe that the poor deserve our sympathy.,Empathy,,,True
it_100936,Barchard2001,"0.75,0.74",1,False,Can't help but look upset when something bad happens.,Negative Expressivity,,,True
it_100937,Barchard2001,"0.73,0.70",-1,True,Dislike being around happy people when I'm feeling sad.,Responsive Joy,,,True
it_100938,Barchard2001,"0.73,0.70",-1,True,Dislike children's birthday parties.,Responsive Joy,,,True
it_100939,Barchard2001,"0.64,0.80",-1,True,Don't like to get involved in other people's problems.,Empathy,,,True
it_100940,Barchard2001,"0.81,0.79",1,False,Express my affection physically.,Positive Expressivity,,,True
it_100941,Barchard2001,"0.81,0.79",1,False,Express my happiness in a childlike manner.,Positive Expressivity,,,True
it_100942,Barchard2001,"0.64,0.80",-1,True,Feel little concern for others.,Empathy,,,True
it_100943,Barchard2001,"0.73,0.70",1,False,Feel other people's joy.,Responsive Joy,,,True
it_100944,Barchard2001,"0.64,0.80",1,False,Feel sympathy for those who are worse off than myself.,Empathy,,,True
it_100945,Barchard2001,"0.81,0.79",-1,True,Find it difficult showing people that I care about them.,Positive Expressivity,,,True
it_100946,Barchard2001,"0.75,0.74",-1,True,Find it difficult showing people that I'm angry with them.,Negative Expressivity,,,True
it_100947,Barchard2001,"0.73,0.70",1,False,Find it hard to stay in a bad mood if the people around me are happy.,Responsive Joy,,,True
it_100948,Barchard2001,"0.73,0.70",1,False,Get caught up in the excitement when others are celebrating.,Responsive Joy,,,True
it_100949,Barchard2001,"0.81,0.79",-1,True,Have difficulty showing affection.,Positive Expressivity,,,True
it_100950,Barchard2001,"0.64,0.80",-1,True,Have little sympathy for the unemployed.,Empathy,,,True
it_100951,Barchard2001,"0.64,0.80",-1,True,Have no sympathy for criminals.,Empathy,,,True
it_100952,Barchard2001,"0.81,0.79",1,False,Hug my close friends.,Positive Expressivity,,,True
it_100953,Barchard2001,"0.75,0.74",-1,True,"Keep my feelings to myself, regardless of how scared I am.",Negative Expressivity,,,True
it_100954,Barchard2001,"0.75,0.74",-1,True,"Keep my feelings to myself, regardless of how unhappy I am.",Negative Expressivity,,,True
it_100955,Barchard2001,"0.81,0.79",-1,True,Keep my happy feelings to myself.,Positive Expressivity,,,True
it_100956,Barchard2001,"0.81,0.79",1,False,Laugh out loud if something is funny.,Positive Expressivity,,,True
it_100957,Barchard2001,"0.73,0.70",1,False,Like to watch children open presents.,Responsive Joy,,,True
it_100958,Barchard2001,"0.73,0.67",-1,True,Listen to my brain rather than my heart.,Emotion-based Decision-making,,,True
it_100959,Barchard2001,"0.73,0.67",1,False,Listen to my feelings when making important decisions.,Emotion-based Decision-making,,,True
it_100960,Barchard2001,"0.73,0.67",1,False,Listen to my heart rather than my brain.,Emotion-based Decision-making,,,True
it_100961,Barchard2001,"0.64,0.80",-1,True,Look down on any weakness.,Empathy,,,True
it_100962,Barchard2001,"0.73,0.67",-1,True,"Make decisions based on facts, not feelings.",Emotion-based Decision-making,,,True
it_100963,Barchard2001,"0.81,0.83",1,False,Notice my emotions.,Attention to Emotions,,,True
it_100964,Barchard2001,"0.81,0.83",-1,True,Often ignore my feelings.,Attention to Emotions,,,True
it_100965,Barchard2001,"0.81,0.83",1,False,Often stop to analyze how I'm feeling.,Attention to Emotions,,,True
it_100966,Barchard2001,"0.81,0.83",1,False,Pay a lot of attention to my feelings.,Attention to Emotions,,,True
it_100967,Barchard2001,"0.73,0.67",1,False,Plan my life based on how I feel.,Emotion-based Decision-making,,,True
it_100968,Barchard2001,"0.73,0.67",-1,True,Plan my life logically.,Emotion-based Decision-making,,,True
it_100969,Barchard2001,"0.81,0.83",-1,True,Rarely analyze my emotions.,Attention to Emotions,,,True
it_100970,Barchard2001,"0.59,0.63",-1,True,Rarely cry during sad movies.,Responsive Distress,,,True
it_100971,Barchard2001,"0.73,0.70",-1,True,Rarely get caught up in the excitement.,Responsive Joy,,,True
it_100972,Barchard2001,"0.81,0.83",-1,True,Rarely notice my emotional reactions.,Attention to Emotions,,,True
it_100973,Barchard2001,"0.75,0.74",-1,True,Rarely show my anger.,Negative Expressivity,,,True
it_100974,Barchard2001,"0.81,0.83",-1,True,Rarely think about how I feel.,Attention to Emotions,,,True
it_100975,Barchard2001,"0.59,0.63",-1,True,Remain calm during emergencies.,Responsive Distress,,,True
it_100976,Barchard2001,"0.75,0.74",1,False,Shout or scream when I'm angry.,Negative Expressivity,,,True
it_100977,Barchard2001,"0.75,0.74",1,False,Show my fear.,Negative Expressivity,,,True
it_100978,Barchard2001,"0.81,0.79",1,False,Show my feelings when I'm happy.,Positive Expressivity,,,True
it_100979,Barchard2001,"0.75,0.74",1,False,Show my sadness.,Negative Expressivity,,,True
it_100980,Barchard2001,"0.81,0.79",1,False,Sometimes laugh out loud when reading or watching TV.,Positive Expressivity,,,True
it_100981,Barchard2001,"0.59,0.63",1,False,Suffer from others' sorrows.,Responsive Distress,,,True
it_100982,Barchard2001,"0.75,0.74",1,False,Suspect that my facial expressions give me away when I feel sad.,Negative Expressivity,,,True
it_100983,Barchard2001,"0.64,0.80",1,False,Sympathize with the homeless.,Empathy,,,True
it_100984,Barchard2001,"0.81,0.83",1,False,Think about the causes of my emotions.,Attention to Emotions,,,True
it_100985,Barchard2001,"0.73,0.70",1,False,Usually end up laughing if the people around me are laughing.,Responsive Joy,,,True
it_100986,Barchard2001,"0.75,0.74",-1,True,Wish I could more easily show my negative feelings.,Negative Expressivity,,,True
it_100987,Barchard2001,"0.59,0.63",1,False,Would be upset if I saw an injured animal.,Responsive Distress,,,True
it_100988,BFAS,0.81,1,False,Always know what I am doing.,Industriousness,,,True
it_100989,BFAS,0.89,1,False,Am a person whose moods go up and down easily.,Neuroticism,,,True
it_100990,BFAS,0.89,1,False,Am a person whose moods go up and down easily.,Anger,,,True
it_100991,BFAS,0.89,1,False,Am afraid of many things.,Neuroticism,,,True
it_100992,BFAS,0.84,1,False,Am afraid of many things.,Anxiety,,,True
it_100993,BFAS,0.89,1,False,Am easily discouraged.,Neuroticism,,,True
it_100994,BFAS,0.84,1,False,Am easily discouraged.,Anxiety,,,True
it_100995,BFAS,0.81,-1,True,Am easily distracted.,Industriousness,,,True
it_100996,BFAS,0.89,1,False,Am filled with doubts about things.,Neuroticism,,,True
it_100997,BFAS,0.84,1,False,Am filled with doubts about things.,Anxiety,,,True
it_100998,BFAS,0.81,-1,True,Am hard to get to know.,Vitality/Enthusiasm/Zest,,,True
it_100999,BFAS,0.84,-1,True,Am indifferent to the feelings of others.,Compassion,,,True
it_101000,BFAS,0.81,-1,True,Am not a very enthusiastic person.,Vitality/Enthusiasm/Zest,,,True
it_101001,BFAS,0.89,-1,True,Am not easily annoyed.,Neuroticism,,,True
it_101002,BFAS,0.89,-1,True,Am not easily annoyed.,Anger,,,True
it_101003,BFAS,0.89,-1,True,Am not embarrassed easily.,Neuroticism,,,True
it_101004,BFAS,0.84,-1,True,Am not embarrassed easily.,Anxiety,,,True
it_101005,BFAS,0.84,-1,True,Am not interested in other people__ problems.,Compassion,,,True
it_101006,BFAS,0.75,-1,True,Am out for my own personal gain.,Positive Expressivity,,,True
it_101007,BFAS,0.84,1,False,Am quick to understand things.,Intellect,,,True
it_101008,BFAS,0.84,1,False,Am quick to understand things.,Intellect,,,True
it_101009,BFAS,0.85,1,False,Am the first to act.,Assertiveness,,,True
it_101010,BFAS,0.84,-1,True,Avoid difficult reading material.,Intellect,,,True
it_101011,BFAS,0.75,1,False,Avoid imposing my will on others.,Positive Expressivity,,,True
it_101012,BFAS,0.84,-1,True,Avoid philosophical discussions.,Intellect,,,True
it_101013,BFAS,0.84,-1,True,Avoid philosophical discussions.,Intellect,,,True
it_101014,BFAS,0.89,1,False,Become overwhelmed by events.,Neuroticism,,,True
it_101015,BFAS,0.84,1,False,Become overwhelmed by events.,Anxiety,,,True
it_101016,BFAS,0.78,1,False,Believe in the importance of art.,Intellect,,,True
it_101017,BFAS,0.78,1,False,Believe in the importance of art.,Aesthetic Appreciation/Artistic Interests,,,True
it_101018,BFAS,0.75,-1,True,Believe that I am better than others.,Positive Expressivity,,,True
it_101019,BFAS,0.89,1,False,Can be stirred up easily.,Neuroticism,,,True
it_101020,BFAS,0.89,1,False,Can be stirred up easily.,Anger,,,True
it_101021,BFAS,0.84,1,False,Can handle a lot of information.,Intellect,,,True
it_101022,BFAS,0.84,1,False,Can handle a lot of information.,Intellect,,,True
it_101023,BFAS,0.85,1,False,Can talk others into doing things.,Assertiveness,,,True
it_101024,BFAS,0.84,-1,True,Can__ be bothered with other__ needs.,Compassion,,,True
it_101025,BFAS,0.81,1,False,Carry out my plans.,Industriousness,,,True
it_101026,BFAS,0.89,1,False,Change my mood a lot.,Neuroticism,,,True
it_101027,BFAS,0.89,1,False,Change my mood a lot.,Anger,,,True
it_101028,BFAS,0.85,-1,True,Do not have an assertive personality.,Assertiveness,,,True
it_101029,BFAS,0.78,-1,True,Do not like poetry.,Intellect,,,True
it_101030,BFAS,0.78,-1,True,Do not like poetry.,Aesthetic Appreciation/Artistic Interests,,,True
it_101031,BFAS,0.84,-1,True,Don__ have a soft side.,Compassion,,,True
it_101032,BFAS,0.81,-1,True,Don__ put my mind on the task at hand.,Industriousness,,,True
it_101033,BFAS,0.78,1,False,Enjoy the beauty of nature.,Intellect,,,True
it_101034,BFAS,0.78,1,False,Enjoy the beauty of nature.,Aesthetic Appreciation/Artistic Interests,,,True
it_101035,BFAS,0.89,-1,True,Feel comfortable with myself.,Neuroticism,,,True
it_101036,BFAS,0.84,-1,True,Feel comfortable with myself.,Anxiety,,,True
it_101037,BFAS,0.84,1,False,Feel others_ emotions.,Compassion,,,True
it_101038,BFAS,0.89,1,False,Feel threatened easily.,Neuroticism,,,True
it_101039,BFAS,0.81,-1,True,Find it difficult to get down to work.,Industriousness,,,True
it_101040,BFAS,0.81,1,False,Finish what I start.,Industriousness,,,True
it_101041,BFAS,0.84,1,False,Formulate ideas clearly.,Intellect,,,True
it_101042,BFAS,0.84,1,False,Formulate ideas clearly.,Intellect,,,True
it_101043,BFAS,0.89,1,False,Get angry easily.,Neuroticism,,,True
it_101044,BFAS,0.89,1,False,Get angry easily.,Anger,,,True
it_101045,BFAS,0.78,1,False,Get deeply immersed in music.,Intellect,,,True
it_101046,BFAS,0.78,1,False,Get deeply immersed in music.,Aesthetic Appreciation/Artistic Interests,,,True
it_101047,BFAS,0.89,1,False,Get easily agitated.,Neuroticism,,,True
it_101048,BFAS,0.89,1,False,Get easily agitated.,Anger,,,True
it_101049,BFAS,0.81,1,False,Get things done quickly.,Industriousness,,,True
it_101050,BFAS,0.89,1,False,Get upset easily.,Neuroticism,,,True
it_101051,BFAS,0.89,1,False,Get upset easily.,Anger,,,True
it_101052,BFAS,0.75,1,False,Hate to seem pushy.,Positive Expressivity,,,True
it_101053,BFAS,0.81,1,False,Have a lot of fun.,Vitality/Enthusiasm/Zest,,,True
it_101054,BFAS,0.84,1,False,Have a rich vocabulary.,Intellect,,,True
it_101055,BFAS,0.85,1,False,Have a strong personality.,Assertiveness,,,True
it_101056,BFAS,0.84,-1,True,Have difficulty understanding abstract ideas.,Intellect,,,True
it_101057,BFAS,0.85,-1,True,Hold back my opinions.,Assertiveness,,,True
it_101058,BFAS,0.84,1,False,Inquire about others' well-being.,Compassion,,,True
it_101059,BFAS,0.75,-1,True,Insult people.,Positive Expressivity,,,True
it_101060,BFAS,0.89,-1,True,Keep my emotions under control.,Neuroticism,,,True
it_101061,BFAS,0.89,-1,True,Keep my emotions under control.,Anger,,,True
it_101062,BFAS,0.81,-1,True,Keep others at a distance.,Vitality/Enthusiasm/Zest,,,True
it_101063,BFAS,0.8,1,False,Keep things tidy.,Orderliness,,,True
it_101064,BFAS,0.85,1,False,Know how to captivate people.,Assertiveness,,,True
it_101065,BFAS,0.85,-1,True,Lack the talent for influencing people.,Assertiveness,,,True
it_101066,BFAS,0.81,1,False,Laugh a lot.,Vitality/Enthusiasm/Zest,,,True
it_101067,BFAS,0.84,-1,True,Learn things slowly.,Intellect,,,True
it_101068,BFAS,0.84,-1,True,Learn things slowly.,Intellect,,,True
it_101069,BFAS,0.84,1,False,Like to do things for others.,Compassion,,,True
it_101070,BFAS,0.84,1,False,Like to solve complex problems.,Intellect,,,True
it_101071,BFAS,0.84,1,False,Like to solve complex problems.,Intellect,,,True
it_101072,BFAS,0.75,-1,True,Love a good fight.,Positive Expressivity,,,True
it_101073,BFAS,0.78,1,False,Love to reflect on things.,Intellect,,,True
it_101074,BFAS,0.78,1,False,Love to reflect on things.,Aesthetic Appreciation/Artistic Interests,,,True
it_101075,BFAS,0.81,1,False,Make friends easily.,Vitality/Enthusiasm/Zest,,,True
it_101076,BFAS,0.81,-1,True,Mess things up.,Industriousness,,,True
it_101077,BFAS,0.78,1,False,Need a creative outlet.,Intellect,,,True
it_101078,BFAS,0.78,1,False,Need a creative outlet.,Aesthetic Appreciation/Artistic Interests,,,True
it_101079,BFAS,0.81,-1,True,Postpone decisions.,Industriousness,,,True
it_101080,BFAS,0.89,-1,True,Rarely feel depressed.,Neuroticism,,,True
it_101081,BFAS,0.84,-1,True,Rarely feel depressed.,Anxiety,,,True
it_101082,BFAS,0.81,-1,True,Rarely get caught up in the excitement.,Vitality/Enthusiasm/Zest,,,True
it_101083,BFAS,0.89,-1,True,Rarely get irritated.,Neuroticism,,,True
it_101084,BFAS,0.89,-1,True,Rarely get irritated.,Anger,,,True
it_101085,BFAS,0.89,-1,True,Rarely lose my composure.,Neuroticism,,,True
it_101086,BFAS,0.89,-1,True,Rarely lose my composure.,Anger,,,True
it_101087,BFAS,0.75,1,False,Rarely put people under pressure.,Positive Expressivity,,,True
it_101088,BFAS,0.75,1,False,Respect authority.,Positive Expressivity,,,True
it_101089,BFAS,0.81,-1,True,Reveal little about myself.,Vitality/Enthusiasm/Zest,,,True
it_101090,BFAS,0.78,1,False,See beauty in things that others might not notice.,Intellect,,,True
it_101091,BFAS,0.78,1,False,See beauty in things that others might not notice.,Aesthetic Appreciation/Artistic Interests,,,True
it_101092,BFAS,0.85,1,False,See myself as a good leader.,Assertiveness,,,True
it_101093,BFAS,0.75,-1,True,Seek conflict.,Positive Expressivity,,,True
it_101094,BFAS,0.78,-1,True,Seldom daydream.,Intellect,,,True
it_101095,BFAS,0.78,-1,True,Seldom daydream.,Aesthetic Appreciation/Artistic Interests,,,True
it_101096,BFAS,0.89,-1,True,Seldom feel blue.,Neuroticism,,,True
it_101097,BFAS,0.84,-1,True,Seldom feel blue.,Anxiety,,,True
it_101098,BFAS,0.78,-1,True,Seldom get lost in thought.,Intellect,,,True
it_101099,BFAS,0.78,-1,True,Seldom get lost in thought.,Aesthetic Appreciation/Artistic Interests,,,True
it_101100,BFAS,0.78,-1,True,Seldom notice the emotional aspects of paintings and pictures.,Intellect,,,True
it_101101,BFAS,0.78,-1,True,Seldom notice the emotional aspects of paintings and pictures.,Aesthetic Appreciation/Artistic Interests,,,True
it_101102,BFAS,0.81,1,False,Show my feelings when I'm happy.,Vitality/Enthusiasm/Zest,,,True
it_101103,BFAS,0.84,1,False,Sympathize with others_ feelings.,Compassion,,,True
it_101104,BFAS,0.75,-1,True,Take advantage of others.,Positive Expressivity,,,True
it_101105,BFAS,0.84,1,False,Take an interest in other people__ lives.,Compassion,,,True
it_101106,BFAS,0.84,-1,True,Take no time for others.,Compassion,,,True
it_101107,BFAS,0.84,1,False,Think quickly.,Intellect,,,True
it_101108,BFAS,0.84,1,False,Think quickly.,Intellect,,,True
it_101109,BFAS,0.8,1,False,Want every detail taken care of.,Orderliness,,,True
it_101110,BFAS,0.81,1,False,Warm up quickly to others.,Vitality/Enthusiasm/Zest,,,True
it_101111,BFAS,0.81,-1,True,Waste my time.,Industriousness,,,True
it_101112,BFAS,0.89,1,False,Worry about things.,Neuroticism,,,True
it_101113,BFAS-20,0.91,-1,True,Am a very private person.,Extraversion,,,True
it_101114,BFAS-20,0.88,1,False,Am always prepared.,Conscientiousness,,,True
it_101115,BFAS-20,0.91,-1,True,Am easily disturbed.,Emotional Stability,,,True
it_101116,BFAS-20,0.88,1,False,Am exacting in my work.,Conscientiousness,,,True
it_101117,BFAS-20,0.9,1,False,Am full of ideas.,Intellect,,,True
it_101118,BFAS-20,0.9,1,False,Am good at many things.,Intellect,,,True
it_101119,BFAS-20,0.88,-1,True,Am hard to get to know.,Agreeableness,,,True
it_101120,BFAS-20,0.88,-1,True,Am indifferent to the feelings of others.,Agreeableness,,,True
it_101121,BFAS-20,0.88,1,False,Am interested in people.,Agreeableness,,,True
it_101122,BFAS-20,0.88,-1,True,Am not really interested in others.,Agreeableness,,,True
it_101123,BFAS-20,0.88,1,False,Am on good terms with nearly everyone.,Agreeableness,,,True
it_101124,BFAS-20,0.91,-1,True,Am quiet around strangers.,Extraversion,,,True
it_101125,BFAS-20,0.91,1,False,Am the life of the party.,Extraversion,,,True
it_101126,BFAS-20,0.91,-1,True,Bottle up my feelings.,Extraversion,,,True
it_101127,BFAS-20,0.9,1,False,Catch on to things quickly.,Intellect,,,True
it_101128,BFAS-20,0.91,-1,True,Change my mood a lot.,Emotional Stability,,,True
it_101129,BFAS-20,0.88,1,False,Continue until everything is perfect.,Conscientiousness,,,True
it_101130,BFAS-20,0.9,-1,True,Do not have a good imagination.,Intellect,,,True
it_101131,BFAS-20,0.91,-1,True,Don't like to draw attention to myself.,Extraversion,,,True
it_101132,BFAS-20,0.91,1,False,Don't mind being the center of attention.,Extraversion,,,True
it_101133,BFAS-20,0.91,1,False,Feel at ease with people.,Extraversion,,,True
it_101134,BFAS-20,0.91,1,False,Feel comfortable around people.,Extraversion,,,True
it_101135,BFAS-20,0.88,-1,True,Feel little concern for others.,Agreeableness,,,True
it_101136,BFAS-20,0.91,-1,True,Feel threatened easily.,Emotional Stability,,,True
it_101137,BFAS-20,0.88,-1,True,Find it difficult to get down to work.,Conscientiousness,,,True
it_101138,BFAS-20,0.88,1,False,Follow a schedule.,Conscientiousness,,,True
it_101139,BFAS-20,0.91,-1,True,Get angry easily.,Emotional Stability,,,True
it_101140,BFAS-20,0.91,-1,True,Get caught up in my problems.,Emotional Stability,,,True
it_101141,BFAS-20,0.88,1,False,Get chores done right away.,Conscientiousness,,,True
it_101142,BFAS-20,0.91,-1,True,Get irritated easily.,Emotional Stability,,,True
it_101143,BFAS-20,0.91,-1,True,Get overwhelmed by emotions.,Emotional Stability,,,True
it_101144,BFAS-20,0.91,-1,True,Get upset easily.,Emotional Stability,,,True
it_101145,BFAS-20,0.91,-1,True,Grumble about things.,Emotional Stability,,,True
it_101146,BFAS-20,0.88,1,False,Have a good word for everyone.,Agreeableness,,,True
it_101147,BFAS-20,0.9,1,False,Have a vivid imagination.,Intellect,,,True
it_101148,BFAS-20,0.9,-1,True,Have difficulty imagining things.,Intellect,,,True
it_101149,BFAS-20,0.91,-1,True,Have little to say.,Extraversion,,,True
it_101150,BFAS-20,0.88,1,False,Inquire about others' well-being.,Agreeableness,,,True
it_101151,BFAS-20,0.91,1,False,Know how to captivate people.,Extraversion,,,True
it_101152,BFAS-20,0.88,1,False,Know how to comfort others.,Agreeableness,,,True
it_101153,BFAS-20,0.88,-1,True,Leave a mess in my room.,Conscientiousness,,,True
it_101154,BFAS-20,0.88,-1,True,Leave my belongings around.,Conscientiousness,,,True
it_101155,BFAS-20,0.88,1,False,Like to tidy up.,Conscientiousness,,,True
it_101156,BFAS-20,0.88,1,False,Love children.,Agreeableness,,,True
it_101157,BFAS-20,0.88,1,False,Love order and regularity.,Conscientiousness,,,True
it_101158,BFAS-20,0.88,1,False,Love to help others.,Agreeableness,,,True
it_101159,BFAS-20,0.9,1,False,Love to read challenging material.,Intellect,,,True
it_101160,BFAS-20,0.9,1,False,Love to think up new ways of doing things.,Intellect,,,True
it_101161,BFAS-20,0.88,-1,True,Make a mess of things.,Conscientiousness,,,True
it_101162,BFAS-20,0.88,1,False,Make plans and stick to them.,Conscientiousness,,,True
it_101163,BFAS-20,0.91,-1,True,Often feel uncomfortable around others.,Extraversion,,,True
it_101164,BFAS-20,0.91,-1,True,Panic easily.,Emotional Stability,,,True
it_101165,BFAS-20,0.91,1,False,Rarely get irritated.,Emotional Stability,,,True
it_101166,BFAS-20,0.91,1,False,Seldom get mad.,Emotional Stability,,,True
it_101167,BFAS-20,0.88,-1,True,Shirk my duties.,Conscientiousness,,,True
it_101168,BFAS-20,0.88,1,False,Show my gratitude.,Agreeableness,,,True
it_101169,BFAS-20,0.9,1,False,Spend time reflecting on things.,Intellect,,,True
it_101170,BFAS-20,0.91,1,False,Start conversations.,Extraversion,,,True
it_101171,BFAS-20,0.91,-1,True,Take offense easily.,Emotional Stability,,,True
it_101172,BFAS-20,0.88,1,False,Take time out for others.,Agreeableness,,,True
it_101173,BFAS-20,0.88,1,False,Think of others first.,Agreeableness,,,True
it_101174,BFAS-20,0.91,-1,True,Wait for others to lead the way.,Extraversion,,,True
it_101175,BFAS-20,0.88,-1,True,Waste my time.,Conscientiousness,,,True
it_101176,BFAS-20,0.91,-1,True,Worry about things.,Emotional Stability,,,True
it_101177,BIDR,0.87,1,False,Always admit it when I make a mistake.,Impression-Management,,,True
it_101178,BIDR,0.8,1,False,Always know why I do things.,Self-deception,,,True
it_101179,BIDR,0.79,-1,True,Always know why I do things.,Cognitive-Failures,,,True
it_101180,BIDR,0.87,-1,True,Am likely to show off if I get the chance.,Impression-Management,,,True
it_101181,BIDR,0.8,-1,True,Am not always honest with myself.,Self-deception,,,True
it_101182,BIDR,0.87,-1,True,Am not always what I appear to be.,Impression-Management,,,True
it_101183,BIDR,0.87,1,False,Believe there is never an excuse for lying.,Impression-Management,,,True
it_101184,BIDR,0.87,-1,True,Break rules.,Impression-Management,,,True
it_101185,BIDR,0.79,1,False,Can't make up my mind.,Cognitive-Failures,,,True
it_101186,BIDR,0.87,-1,True,Cheat to get ahead.,Impression-Management,,,True
it_101187,BIDR,0.8,-1,True,Dislike myself.,Self-deception,,,True
it_101188,BIDR,0.87,-1,True,Don't always practice what I preach.,Impression-Management,,,True
it_101189,BIDR,0.87,1,False,Easily resist temptations.,Impression-Management,,,True
it_101190,BIDR,0.8,1,False,Feel comfortable with myself.,Self-deception,,,True
it_101191,BIDR,0.87,-1,True,Get back at others.,Impression-Management,,,True
it_101192,BIDR,0.79,1,False,Get confused easily.,Cognitive-Failures,,,True
it_101193,BIDR,0.8,-1,True,Have a low opinion of myself.,Self-deception,,,True
it_101194,BIDR,0.79,1,False,Have difficulty keeping things in mind.,Cognitive-Failures,,,True
it_101195,BIDR,0.87,-1,True,Have sometimes had to tell a lie.,Impression-Management,,,True
it_101196,BIDR,0.8,1,False,Just know that I will be a success.,Self-deception,,,True
it_101197,BIDR,0.8,1,False,Know that my decisions are correct.,Self-deception,,,True
it_101198,BIDR,0.79,1,False,Let my attention wander off.,Cognitive-Failures,,,True
it_101199,BIDR,0.8,1,False,Like to take responsibility for making decisions.,Self-deception,,,True
it_101200,BIDR,0.79,-1,True,Like to take responsibility for making decisions.,Cognitive-Failures,,,True
it_101201,BIDR,0.87,-1,True,Misuse power.,Impression-Management,,,True
it_101202,BIDR,0.79,1,False,Often forget things.,Cognitive-Failures,,,True
it_101203,BIDR,0.79,-1,True,Pay attention to details.,Cognitive-Failures,,,True
it_101204,BIDR,0.87,1,False,Rarely overindulge.,Impression-Management,,,True
it_101205,BIDR,0.87,1,False,Rarely talk about sex.,Impression-Management,,,True
it_101206,BIDR,0.79,-1,True,Remain calm under pressure.,Cognitive-Failures,,,True
it_101207,BIDR,0.87,1,False,Return extra change when a cashier makes a mistake.,Impression-Management,,,True
it_101208,BIDR,0.8,-1,True,Sometimes have trouble making up my mind.,Self-deception,,,True
it_101209,BIDR,0.79,1,False,Spill things.,Cognitive-Failures,,,True
it_101210,BIDR,0.87,1,False,Tell the truth.,Impression-Management,,,True
it_101211,BIDR,0.87,1,False,Try to follow the rules.,Impression-Management,,,True
it_101212,BIDR,0.87,-1,True,Use flattery to get ahead.,Impression-Management,,,True
it_101213,BIDR,0.87,-1,True,Use swear words.,Impression-Management,,,True
it_101214,BIDR,0.8,-1,True,Worry about what people think of me.,Self-deception,,,True
it_101215,BIDR,0.87,1,False,Would never cheat on my taxes.,Impression-Management,,,True
it_101216,BIDR,0.87,1,False,Would never take things that aren't mine.,Impression-Management,,,True
it_101217,BIS_BAS,1994,1,False,Am afraid that I will do the wrong thing.,Behavioral Inhibition/Activation System,,,True
it_101218,BIS_BAS,1994,1,False,Am always worried about something.,Behavioral Inhibition/Activation System,,,True
it_101219,BIS_BAS,1994,1,False,Am always worried about something.,Anxiety,,,True
it_101220,BIS_BAS,0.68,1,False,Am eager to soothe hurt feelings.,Excitement-seeking,,,True
it_101221,BIS_BAS,1994,1,False,Am easily hurt.,Behavioral Inhibition/Activation System,,,True
it_101222,BIS_BAS,0.77,-1,True,Am not an extraordinary person.,Ambition/Drive,,,True
it_101223,BIS_BAS,1994,-1,True,Am not embarrassed easily.,Behavioral Inhibition/Activation System,,,True
it_101224,BIS_BAS,0.77,-1,True,Am not highly motivated to succeed.,Ambition/Drive,,,True
it_101225,BIS_BAS,0.79,1,False,Am willing to try anything once.,Risk-taking/Sensation-Seeking/Thrill-Seeking,,,True
it_101226,BIS_BAS,0.79,-1,True,Avoid dangerous situations.,Risk-taking/Sensation-Seeking/Thrill-Seeking,,,True
it_101227,BIS_BAS,1994,1,False,Become overwhelmed by events.,Behavioral Inhibition/Activation System,,,True
it_101228,BIS_BAS,1994,1,False,Begin to panic when there is danger.,Behavioral Inhibition/Activation System,,,True
it_101229,BIS_BAS,1994,1,False,Begin to panic when there is danger.,Anxiety,,,True
it_101230,BIS_BAS,0.79,1,False,Do crazy things.,Risk-taking/Sensation-Seeking/Thrill-Seeking,,,True
it_101231,BIS_BAS,0.68,-1,True,Don't get excited about things.,Excitement-seeking,,,True
it_101232,BIS_BAS,0.79,1,False,Enjoy being reckless.,Risk-taking/Sensation-Seeking/Thrill-Seeking,,,True
it_101233,BIS_BAS,0.68,1,False,Feel excited or happy for no apparent reason.,Excitement-seeking,,,True
it_101234,BIS_BAS,0.68,1,False,Get caught up in the excitement when others are celebrating.,Excitement-seeking,,,True
it_101235,BIS_BAS,0.68,1,False,Get so happy or energetic that I am almost giddy.,Excitement-seeking,,,True
it_101236,BIS_BAS,1994,1,False,Get stressed out easily.,Behavioral Inhibition/Activation System,,,True
it_101237,BIS_BAS,1994,1,False,Get stressed out easily.,Anxiety,,,True
it_101238,BIS_BAS,0.77,-1,True,Hate being the center of attention.,Ambition/Drive,,,True
it_101239,BIS_BAS,0.77,1,False,Have a strong need for power.,Ambition/Drive,,,True
it_101240,BIS_BAS,0.79,1,False,Have persuaded others to do something really adventurous or crazy.,Risk-taking/Sensation-Seeking/Thrill-Seeking,,,True
it_101241,BIS_BAS,0.77,1,False,Know how to get around the rules.,Ambition/Drive,,,True
it_101242,BIS_BAS,0.79,1,False,Like to act on a whim.,Risk-taking/Sensation-Seeking/Thrill-Seeking,,,True
it_101243,BIS_BAS,0.79,1,False,Like to behave spontaneously.,Risk-taking/Sensation-Seeking/Thrill-Seeking,,,True
it_101244,BIS_BAS,0.77,1,False,Like to show off my body.,Ambition/Drive,,,True
it_101245,BIS_BAS,1994,1,False,Often worry about things that turn out to be unimportant.,Behavioral Inhibition/Activation System,,,True
it_101246,BIS_BAS,1994,1,False,Often worry about things that turn out to be unimportant.,Anxiety,,,True
it_101247,BIS_BAS,0.79,1,False,Prefer friends who are excitingly unpredictable.,Risk-taking/Sensation-Seeking/Thrill-Seeking,,,True
it_101248,BIS_BAS,0.77,1,False,Push myself very hard to succeed.,Ambition/Drive,,,True
it_101249,BIS_BAS,0.79,-1,True,Rarely enjoy behaving in a silly manner.,Risk-taking/Sensation-Seeking/Thrill-Seeking,,,True
it_101250,BIS_BAS,0.68,-1,True,Rarely get caught up in the excitement.,Excitement-seeking,,,True
it_101251,BIS_BAS,1994,-1,True,Rarely worry.,Behavioral Inhibition/Activation System,,,True
it_101252,BIS_BAS,1994,-1,True,Rarely worry.,Anxiety,,,True
it_101253,BIS_BAS,0.77,1,False,Take charge.,Ambition/Drive,,,True
it_101254,BIS_BAS,0.77,1,False,Try to surpass others' accomplishments.,Ambition/Drive,,,True
it_101255,BIS_BAS,0.77,1,False,Want to be in charge.,Ambition/Drive,,,True
it_101256,BIS_BAS,1994,1,False,Worry about what people think of me.,Behavioral Inhibition/Activation System,,,True
it_101257,BIS_BAS,1994,1,False,Worry about what people think of me.,Anxiety,,,True
it_101258,BIS_BAS,0.79,-1,True,Would never go hang gliding or bungee jumping.,Risk-taking/Sensation-Seeking/Thrill-Seeking,,,True
it_101259,Buss1980,0.81,1,False,Am constantly reflecting about myself.,Introspection/Private Self-Consciousness,,,True
it_101260,Buss1980,0.77,1,False,Am easily intimidated.,Public Self-consciousness,,,True
it_101261,Buss1980,0.77,-1,True,Am not concerned with making a good impression.,Public Self-consciousness,,,True
it_101262,Buss1980,0.77,-1,True,Am not easily bothered by things.,Public Self-consciousness,,,True
it_101263,Buss1980,0.77,-1,True,Am not embarrassed easily.,Public Self-consciousness,,,True
it_101264,Buss1980,0.81,-1,True,Don't try to figure myself out.,Introspection/Private Self-Consciousness,,,True
it_101265,Buss1980,0.77,-1,True,Don't worry about things that have already happened.,Public Self-consciousness,,,True
it_101266,Buss1980,0.81,1,False,Examine my motives constantly.,Introspection/Private Self-Consciousness,,,True
it_101267,Buss1980,0.77,-1,True,Feel comortable with myself.,Public Self-consciousness,,,True
it_101268,Buss1980,0.77,1,False,Feel threatened easily.,Public Self-consciousness,,,True
it_101269,Buss1980,0.81,1,False,Like to get lost in thought.,Introspection/Private Self-Consciousness,,,True
it_101270,Buss1980,0.81,1,False,Look for hidden meaning in things.,Introspection/Private Self-Consciousness,,,True
it_101271,Buss1980,0.77,1,False,Need reassurance.,Public Self-consciousness,,,True
it_101272,Buss1980,0.77,1,False,Need the approval of others.,Public Self-consciousness,,,True
it_101273,Buss1980,0.81,-1,True,Rarely look for a deeper meaning in things.,Introspection/Private Self-Consciousness,,,True
it_101274,Buss1980,0.81,-1,True,Seldom daydream.,Introspection/Private Self-Consciousness,,,True
it_101275,Buss1980,0.77,-1,True,Seldom feel blue.,Public Self-consciousness,,,True
it_101276,Buss1980,0.81,-1,True,Seldom get lost in thought.,Introspection/Private Self-Consciousness,,,True
it_101277,Buss1980,0.81,1,False,Try to examine myself objectively.,Introspection/Private Self-Consciousness,,,True
it_101278,Buss1980,0.77,1,False,Want to amount to something special in others' eyes.,Public Self-consciousness,,,True
it_101279,Buss1980,0.77,1,False,Worry about what people think of me.,Public Self-consciousness,,,True
it_101280,Cacioppo1982,0.93,1,False,Am quick to understand things.,Need for Cognition,,,True
it_101281,Cacioppo1982,0.93,-1,True,Avoid difficult reading material.,Need for Cognition,,,True
it_101282,Cacioppo1982,0.93,-1,True,Avoid philosophical discussions.,Need for Cognition,,,True
it_101283,Cacioppo1982,0.93,1,False,Can handle a lot of information.,Need for Cognition,,,True
it_101284,Cacioppo1982,0.93,-1,True,Have difficulty understanding abstract ideas.,Need for Cognition,,,True
it_101285,Cacioppo1982,0.93,1,False,Like to solve complex problems.,Need for Cognition,,,True
it_101286,Cacioppo1982,0.93,1,False,Love to read challenging material.,Need for Cognition,,,True
it_101287,Cacioppo1982,0.93,1,False,Love to think up new ways of doing things.,Need for Cognition,,,True
it_101288,Cacioppo1982,0.93,1,False,Need things explained only once.,Need for Cognition,,,True
it_101289,Cacioppo1982,0.93,-1,True,Try to avoid complex people.,Need for Cognition,,,True
it_101290,CAT-PD,"0.82,0.84",1,False,Act without planning.,Non-Planfulness,,,True
it_101291,CAT-PD,"0.85,0.83",1,False,Am a cold-hearted person.,Callousness,,,True
it_101292,CAT-PD,"0.82,0.84",-1,True,Am a firm believer in thinking things through.,Non-Planfulness,,,True
it_101293,CAT-PD,"0.83,0.84",-1,True,Am a law-abiding citizen.,Norm Violation,,,True
it_101294,CAT-PD,"0.86,0.82",1,False,Am a strange person.,Peculiarity,,,True
it_101295,CAT-PD,"0.82,0.85",-1,True,Am a very reliable person.,Irresponsibility,,,True
it_101296,CAT-PD,"0.83,0.85",1,False,"Am a workaholic, with little time for fun or pleasure.",Workaholism,,,True
it_101297,CAT-PD,"0.82,0.86",-1,True,Am able to describe my feelings easily.,Emotional Detachment,,,True
it_101298,CAT-PD,"0.83,0.84",1,False,Am able to read the minds of others.,Irrational Beliefs,,,True
it_101299,CAT-PD,"0.84,0.84",1,False,Am afraid that my life will be cut short by illness.,Health Anxiety,,,True
it_101300,CAT-PD,"0.84,0.83",1,False,Am always worried that my partner is going to leave me.,Relationship Insecurity,,,True
it_101301,CAT-PD,"0.84,0.89",-1,True,Am an energetic person.,Anhedonia,,,True
it_101302,CAT-PD,"0.88,0.85",-1,True,Am an honest person.,Manipulativeness,,,True
it_101303,CAT-PD,"0.86,0.82",1,False,Am considered to be kind of eccentric.,Peculiarity,,,True
it_101304,CAT-PD,"0.77,0.80",1,False,Am convinced that my way is the best way.,Rigidity,,,True
it_101305,CAT-PD,"0.81,0.85",1,False,Am easily controlled by others in my life.,Submissiveness,,,True
it_101306,CAT-PD,"0.82,0.88",1,False,Am easily disoriented.,Cognitive Problems,,,True
it_101307,CAT-PD,"0.83,0.88",1,False,Am easily distracted.,Non-Perseverance,,,True
it_101308,CAT-PD,"0.83,0.85",1,False,Am easily startled.,Anxiety,,,True
it_101309,CAT-PD,"0.82,0.86",1,False,Am emotionally reserved.,Emotional Detachment,,,True
it_101310,CAT-PD,"0.82,0.87",1,False,Am excited to inflict pain on others.,Hostile Aggression,,,True
it_101311,CAT-PD,"0.83,0.85",1,False,Am generally a fearful person.,Anxiety,,,True
it_101312,CAT-PD,"0.85,0.83",1,False,Am indifferent to the feelings of others.,Callousness,,,True
it_101313,CAT-PD,"0.77,0.80",1,False,Am inflexible when I think I'm right.,Rigidity,,,True
it_101314,CAT-PD,"0.83,0.84",1,False,Am known as a controlling person.,Dominance,,,True
it_101315,CAT-PD,"0.83,0.85",1,False,Am nervous or tense most of the time.,Anxiety,,,True
it_101316,CAT-PD,"0.85,0.83",1,False,Am not a caring person.,Callousness,,,True
it_101317,CAT-PD,"0.82,0.85",1,False,Am not a dependable person.,Irresponsibility,,,True
it_101318,CAT-PD,"0.84,0.89",1,False,Am not a joyful person.,Anhedonia,,,True
it_101319,CAT-PD,"0.85,0.83",1,False,Am not a sympathetic person.,Callousness,,,True
it_101320,CAT-PD,"0.82,0.86",1,False,Am not good at describing the emotions I feel throughout the day.,Emotional Detachment,,,True
it_101321,CAT-PD,"0.81,0.85",1,False,Am not happy until all the details are taken care of.,Perfectionism,,,True
it_101322,CAT-PD,"0.86,0.82",1,False,Am odd.,Peculiarity,,,True
it_101323,CAT-PD,"0.77,0.80",1,False,Am often accused of being narrow-minded.,Rigidity,,,True
it_101324,CAT-PD,"0.82,0.87",1,False,Am often out for revenge.,Hostile Aggression,,,True
it_101325,CAT-PD,"0.82,0.86",-1,True,Am open about my feelings.,Emotional Detachment,,,True
it_101326,CAT-PD,"0.84,0.83",1,False,Am paralyzed by a fear of rejection.,Relationship Insecurity,,,True
it_101327,CAT-PD,"0.83,0.88",-1,True,Am pretty trusting of others' motives.,Mistrust,,,True
it_101328,CAT-PD,"0.84,0.84",1,False,Am prone to complain about my health.,Health Anxiety,,,True
it_101329,CAT-PD,"0.83,0.88",1,False,Am quick to quit when the going gets tough.,Non-Perseverance,,,True
it_101330,CAT-PD,"0.82,0.87",1,False,Am ready to hit someone when I get angry.,Hostile Aggression,,,True
it_101331,CAT-PD,"0.88,0.88",1,False,Am sad most of the time.,Depression,,,True
it_101332,CAT-PD,"0.84,0.83",-1,True,Am secure in my relationships.,Relationship Insecurity,,,True
it_101333,CAT-PD,"0.82,0.83",1,False,Am sometimes so preoccupied with my own thoughts I don't realize others are trying to speak to me.,Fantasy Proneness,,,True
it_101334,CAT-PD,"0.84,0.83",1,False,Am usually convinced that my friends and romantic partners will betray me.,Relationship Insecurity,,,True
it_101335,CAT-PD,"0.82,0.85",1,False,Avoid responsibilities.,Irresponsibility,,,True
it_101336,CAT-PD,"0.83,0.84",1,False,Believe I have supernatural powers.,Irrational Beliefs,,,True
it_101337,CAT-PD,"0.77,0.80",1,False,Believe strongly that the world would be a much better place if I had my way.,Rigidity,,,True
it_101338,CAT-PD,"0.85,0.81",1,False,Believe that I am always right.,Grandiosity,,,True
it_101339,CAT-PD,"0.85,0.81",1,False,Believe that I am better than others.,Grandiosity,,,True
it_101340,CAT-PD,"0.77,0.80",1,False,Believe that most questions have one right answer.,Rigidity,,,True
it_101341,CAT-PD,"0.83,0.88",-1,True,Believe that people are basically honest and good.,Mistrust,,,True
it_101342,CAT-PD,"0.83,0.88",1,False,"Believe that, sooner or later, people always let you down.",Mistrust,,,True
it_101343,CAT-PD,"0.83,0.84",1,False,Boss people around.,Dominance,,,True
it_101344,CAT-PD,"0.83,0.84",1,False,Can control objects with my mind.,Irrational Beliefs,,,True
it_101345,CAT-PD,"0.83,0.84",1,False,Can predict the outcome of events.,Irrational Beliefs,,,True
it_101346,CAT-PD,"0.83,0.86",-1,True,Can remain cool-headed when stressed out.,Affective Lability,,,True
it_101347,CAT-PD,"0.83,0.84",1,False,Can see into the future.,Irrational Beliefs,,,True
it_101348,CAT-PD,"0.85,0.83",1,False,Can't be bothered with others_ needs.,Callousness,,,True
it_101349,CAT-PD,"0.82,0.85",1,False,Cannot be counted on to get things done.,Irresponsibility,,,True
it_101350,CAT-PD,"0.85,0.83",-1,True,Care about others.,Callousness,,,True
it_101351,CAT-PD,"0.88,0.85",1,False,Cheat to get ahead.,Manipulativeness,,,True
it_101352,CAT-PD,"0.83,0.89",1,False,Could easily live without having sex.,Romantic Disinterest,,,True
it_101353,CAT-PD,"0.88,0.85",1,False,Deceive people.,Manipulativeness,,,True
it_101354,CAT-PD,"0.85,0.81",1,False,Deserve special treatment from others.,Grandiosity,,,True
it_101355,CAT-PD,"0.88,0.88",1,False,Dislike myself.,Depression,,,True
it_101356,CAT-PD,"0.85,0.83",1,False,Do not care how my actions affect others.,Callousness,,,True
it_101357,CAT-PD,"0.83,0.87",1,False,Do not feel close to people.,Social Withdrawal,,,True
it_101358,CAT-PD,"0.77,0.80",1,False,Do not like reading or hearing opinions that go against my way of thinking.,Rigidity,,,True
it_101359,CAT-PD,"0.82,0.84",1,False,Do things without thinking of the consequences.,Non-Planfulness,,,True
it_101360,CAT-PD,"0.81,0.85",1,False,Don't consider a task finished until it's perfect.,Perfectionism,,,True
it_101361,CAT-PD,"0.82,0.83",-1,True,Don't enjoy being in the spotlight.,Exhibitionism,,,True
it_101362,CAT-PD,"0.83,0.85",-1,True,Don't let little things anger me.,Anger,,,True
it_101363,CAT-PD,"0.85,0.81",1,False,Don't think I should have to wait in lines like others.,Grandiosity,,,True
it_101364,CAT-PD,"0.83,0.89",1,False,Don't think much about sex.,Romantic Disinterest,,,True
it_101365,CAT-PD,"0.82,0.88",1,False,Easily lose my train of thought.,Cognitive Problems,,,True
it_101366,CAT-PD,"0.82,0.87",1,False,Enjoy a good brawl.,Hostile Aggression,,,True
it_101367,CAT-PD,"0.82,0.83",1,False,Enjoy flirting with complete strangers.,Exhibitionism,,,True
it_101368,CAT-PD,"0.83,0.87",-1,True,Enjoy going to social gatherings.,Social Withdrawal,,,True
it_101369,CAT-PD,"0.83,0.89",-1,True,Enjoy sexual experiences intensely.,Romantic Disinterest,,,True
it_101370,CAT-PD,"0.81,0.85",1,False,Expect nothing less than perfection.,Perfectionism,,,True
it_101371,CAT-PD,"0.84,0.82",1,False,Feel at times that I have left my body and am somehow outside my physical self.,Unusual Experiences,,,True
it_101372,CAT-PD,"0.83,0.87",-1,True,Feel comfortable around people.,Social Withdrawal,,,True
it_101373,CAT-PD,"0.82,0.83",1,False,Feel like my imagination can run wild.,Fantasy Proneness,,,True
it_101374,CAT-PD,"0.83,0.88",1,False,Feel like people often are out to get something from me.,Mistrust,,,True
it_101375,CAT-PD,"0.83,0.85",1,False,Feel my anxiety overwhelms me.,Anxiety,,,True
it_101376,CAT-PD,"0.87,0.86",1,False,Feel that cutting myself helps me feel better.,Self-harm,,,True
it_101377,CAT-PD,"0.83,0.85",1,False,Feel that my worry and anxiety is out of control.,Anxiety,,,True
it_101378,CAT-PD,"0.84,0.89",1,False,Feel that nothing seems to make me feel good.,Anhedonia,,,True
it_101379,CAT-PD,"0.85,0.81",1,False,Feel that others are beneath me.,Grandiosity,,,True
it_101380,CAT-PD,"0.83,0.88",1,False,Feel that others are out to get me.,Mistrust,,,True
it_101381,CAT-PD,"0.83,0.87",1,False,Find it difficult to approach others.,Social Withdrawal,,,True
it_101382,CAT-PD,"0.77,0.80",1,False,Find it difficult to compromise in policy debates.,Rigidity,,,True
it_101383,CAT-PD,"0.77,0.80",1,False,Find it difficult to consider as valid opinions that differ from my own.,Rigidity,,,True
it_101384,CAT-PD,"0.84,0.89",1,False,Find nothing excites me.,Anhedonia,,,True
it_101385,CAT-PD,"0.83,0.88",-1,True,Finish what I start.,Non-Perseverance,,,True
it_101386,CAT-PD,"0.82,0.85",-1,True,Follow through with my plans.,Irresponsibility,,,True
it_101387,CAT-PD,"0.82,0.88",-1,True,Formulate ideas clearly.,Cognitive Problems,,,True
it_101388,CAT-PD,"0.82,0.88",1,False,Frequently get things mixed up in my head.,Cognitive Problems,,,True
it_101389,CAT-PD,"0.87,0.86",1,False,Frequently have thoughts about killing myself.,Self-harm,,,True
it_101390,CAT-PD,"0.88,0.88",1,False,Generally focus on the negative side of things.,Depression,,,True
it_101391,CAT-PD,"0.84,0.83",-1,True,Generally trust my partners to be faithful to me.,Relationship Insecurity,,,True
it_101392,CAT-PD,"0.84,0.84",1,False,Get a thrill out of doing things that might kill me.,Risk-taking/Sensation-Seeking/Thrill-Seeking,,,True
it_101393,CAT-PD,"0.82,0.87",1,False,Get even with others.,Hostile Aggression,,,True
it_101394,CAT-PD,"0.83,0.84",1,False,Get in trouble with the law.,Norm Violation,,,True
it_101395,CAT-PD,"0.83,0.85",1,False,Get irritated easily.,Anger,,,True
it_101396,CAT-PD,"0.84,0.83",1,False,Get jealous easily.,Relationship Insecurity,,,True
it_101397,CAT-PD,"0.83,0.84",1,False,Got in trouble a lot at school.,Norm Violation,,,True
it_101398,CAT-PD,"0.82,0.88",-1,True,Have a good memory for things I've done throughout the day.,Cognitive Problems,,,True
it_101399,CAT-PD,"0.84,0.89",-1,True,Have a lot of fun.,Anhedonia,,,True
it_101400,CAT-PD,"0.81,0.80",1,False,Have a mouth that gets me into trouble.,Rudeness,,,True
it_101401,CAT-PD,"0.83,0.84",1,False,Have a rebellious side that gets me into trouble.,Norm Violation,,,True
it_101402,CAT-PD,"0.81,0.80",1,False,Have a reputation for asking inappropriate questions.,Rudeness,,,True
it_101403,CAT-PD,"0.83,0.84",1,False,Have a strong need for power.,Dominance,,,True
it_101404,CAT-PD,"0.83,0.85",1,False,Have a violent temper.,Anger,,,True
it_101405,CAT-PD,"0.83,0.84",1,False,Have always been a rule-breaker.,Norm Violation,,,True
it_101406,CAT-PD,"0.77,0.80",1,False,Have been told that I am rigid and inflexible.,Rigidity,,,True
it_101407,CAT-PD,"0.86,0.82",1,False,Have been told that my behavior often is bizarre.,Peculiarity,,,True
it_101408,CAT-PD,"0.82,0.86",1,False,Have difficulty expressing my feelings.,Emotional Detachment,,,True
it_101409,CAT-PD,"0.83,0.88",1,False,Have difficulty keeping my attention on a task.,Non-Perseverance,,,True
it_101410,CAT-PD,"0.82,0.86",1,False,Have difficulty showing affection.,Emotional Detachment,,,True
it_101411,CAT-PD,"0.83,0.84",1,False,Have done many things for which I could have been (or was) arrested.,Norm Violation,,,True
it_101412,CAT-PD,"0.88,0.85",1,False,Have exploited others for my own gain.,Manipulativeness,,,True
it_101413,CAT-PD,"0.77,0.80",1,False,Have fixed opinions.,Rigidity,,,True
it_101414,CAT-PD,"0.83,0.86",1,False,Have frequent mood swings.,Affective Lability,,,True
it_101415,CAT-PD,"0.84,0.82",1,False,Have had the feeling that I might not be human.,Unusual Experiences,,,True
it_101416,CAT-PD,"0.84,0.82",1,False,Have had the feeling that I was someone else.,Unusual Experiences,,,True
it_101417,CAT-PD,"0.83,0.89",1,False,Have little desire for sex or romance.,Romantic Disinterest,,,True
it_101418,CAT-PD,"0.84,0.84",1,False,Have medical problems that my doctors don't understand.,Health Anxiety,,,True
it_101419,CAT-PD,"0.83,0.85",1,False,Have noticed that I put my work ahead of too many other things.,Workaholism,,,True
it_101420,CAT-PD,"0.83,0.84",1,False,Have the power to cast spells on others.,Irrational Beliefs,,,True
it_101421,CAT-PD,"0.87,0.86",1,False,Have thoughts of injuring myself.,Self-harm,,,True
it_101422,CAT-PD,"0.84,0.89",1,False,Have trouble getting interested in things.,Anhedonia,,,True
it_101423,CAT-PD,"0.83,0.86",1,False,Have unpredictable emotions and moods.,Affective Lability,,,True
it_101424,CAT-PD,"0.87,0.86",1,False,Have urges to cut myself.,Self-harm,,,True
it_101425,CAT-PD,"0.87,0.86",1,False,Have written a suicide note.,Self-harm,,,True
it_101426,CAT-PD,"0.84,0.82",1,False,Hear voices talking about me when nobody is really there.,Unusual Experiences,,,True
it_101427,CAT-PD,"0.82,0.87",1,False,Hurt people.,Hostile Aggression,,,True
it_101428,CAT-PD,"0.81,0.80",1,False,I am known for saying offensive things.,Rudeness,,,True
it_101429,CAT-PD,"0.84,0.82",1,False,"I feel as if my body, or a part of it, has disappeared.",Unusual Experiences,,,True
it_101430,CAT-PD,"0.87,0.86",1,False,I have intentionally done myself physical harm.,Self-harm,,,True
it_101431,CAT-PD,"0.87,0.86",1,False,I have no will to live.,Self-harm,,,True
it_101432,CAT-PD,"0.83,0.84",1,False,Insist that others do things my way.,Dominance,,,True
it_101433,CAT-PD,"0.81,0.80",1,False,Insult people.,Rudeness,,,True
it_101434,CAT-PD,"0.82,0.84",1,False,Jump into things without thinking.,Non-Planfulness,,,True
it_101435,CAT-PD,"0.82,0.85",-1,True,Keep my appointments.,Irresponsibility,,,True
it_101436,CAT-PD,"0.83,0.87",1,False,Keep to myself even when I'm around other people.,Social Withdrawal,,,True
it_101437,CAT-PD,"0.83,0.86",-1,True,Know how to cope.,Affective Lability,,,True
it_101438,CAT-PD,"0.81,0.85",1,False,Let myself be directed by others.,Submissiveness,,,True
it_101439,CAT-PD,"0.81,0.85",1,False,Let myself be pushed around.,Submissiveness,,,True
it_101440,CAT-PD,"0.81,0.85",1,False,Let others take advantage of me.,Submissiveness,,,True
it_101441,CAT-PD,"0.83,0.84",1,False,Like having authority over others.,Dominance,,,True
it_101442,CAT-PD,"0.84,0.84",1,False,Like to do frightening things.,Risk-taking/Sensation-Seeking/Thrill-Seeking,,,True
it_101443,CAT-PD,"0.82,0.83",1,False,Like to stand out in a crowd.,Exhibitionism,,,True
it_101444,CAT-PD,"0.82,0.87",1,False,Like to start fights.,Hostile Aggression,,,True
it_101445,CAT-PD,"0.88,0.85",1,False,Like to trick people into doing things for me.,Manipulativeness,,,True
it_101446,CAT-PD,"0.88,0.88",-1,True,Look at the bright side of life.,Depression,,,True
it_101447,CAT-PD,"0.83,0.86",1,False,Lose control over my behavior when I'm emotional.,Affective Lability,,,True
it_101448,CAT-PD,"0.84,0.84",1,False,Love dangerous situations.,Risk-taking/Sensation-Seeking/Thrill-Seeking,,,True
it_101449,CAT-PD,"0.83,0.89",-1,True,Love the feeling of being intimately close with someone.,Romantic Disinterest,,,True
it_101450,CAT-PD,"0.82,0.83",1,False,Love to be the center of attention.,Exhibitionism,,,True
it_101451,CAT-PD,"0.82,0.84",-1,True,Make careful choices.,Non-Planfulness,,,True
it_101452,CAT-PD,"0.83,0.84",1,False,Make demands on others.,Dominance,,,True
it_101453,CAT-PD,"0.81,0.85",1,False,Need others to help run my life,Submissiveness,,,True
it_101454,CAT-PD,"0.82,0.85",1,False,Neglect my duties.,Irresponsibility,,,True
it_101455,CAT-PD,"0.84,0.84",1,False,Often am concerned about diseases I might have.,Health Anxiety,,,True
it_101456,CAT-PD,"0.82,0.88",1,False,Often feel like my thoughts make no sense.,Cognitive Problems,,,True
it_101457,CAT-PD,"0.83,0.85",1,False,Often feel overwhelmed with rage.,Anger,,,True
it_101458,CAT-PD,"0.82,0.88",1,False,Often have disorganized thoughts.,Cognitive Problems,,,True
it_101459,CAT-PD,"0.82,0.88",1,False,Often space out and lose track of what's going on.,Cognitive Problems,,,True
it_101460,CAT-PD,"0.83,0.86",1,False,Overreact to every little thing in life.,Affective Lability,,,True
it_101461,CAT-PD,"0.83,0.85",1,False,Panic easily.,Anxiety,,,True
it_101462,CAT-PD,"0.84,0.84",-1,True,Prefer safety over risk.,Risk-taking/Sensation-Seeking/Thrill-Seeking,,,True
it_101463,CAT-PD,"0.81,0.85",1,False,Prefer that others make the major decisions in my life.,Submissiveness,,,True
it_101464,CAT-PD,"0.82,0.84",1,False,Prefer to 'live in the moment' rather than plan things out.,Non-Planfulness,,,True
it_101465,CAT-PD,"0.83,0.88",1,False,Quickly lose interest in the tasks I start.,Non-Perseverance,,,True
it_101466,CAT-PD,"0.83,0.88",1,False,Quit tasks as soon as I get bored.,Non-Perseverance,,,True
it_101467,CAT-PD,"0.83,0.87",1,False,Rarely enjoy being with people.,Social Withdrawal,,,True
it_101468,CAT-PD,"0.88,0.88",-1,True,Rarely feel depressed.,Depression,,,True
it_101469,CAT-PD,"0.83,0.84",-1,True,Respect authority.,Norm Violation,,,True
it_101470,CAT-PD,"0.81,0.80",1,False,Ridicule people.,Rudeness,,,True
it_101471,CAT-PD,"0.81,0.80",1,False,Say inappropriate things.,Rudeness,,,True
it_101472,CAT-PD,"0.83,0.89",1,False,See little need for romance in my life.,Romantic Disinterest,,,True
it_101473,CAT-PD,"0.84,0.82",1,False,See strange figures or visions when nothing is really there.,Unusual Experiences,,,True
it_101474,CAT-PD,"0.81,0.85",1,False,Set high standards for myself and others.,Perfectionism,,,True
it_101475,CAT-PD,"0.81,0.80",1,False,Shoot my mouth off.,Rudeness,,,True
it_101476,CAT-PD,"0.85,0.81",1,False,Should get special privileges.,Grandiosity,,,True
it_101477,CAT-PD,"0.82,0.83",1,False,Sometimes find myself in a trance-like state without trying.,Fantasy Proneness,,,True
it_101478,CAT-PD,"0.82,0.83",1,False,Sometimes get lost in my daydreams.,Fantasy Proneness,,,True
it_101479,CAT-PD,"0.82,0.83",1,False,Sometimes have extremely vivid pictures in my head.,Fantasy Proneness,,,True
it_101480,CAT-PD,"0.82,0.83",1,False,Sometimes have fantasies that are overwhelming.,Fantasy Proneness,,,True
it_101481,CAT-PD,"0.84,0.82",1,False,Sometimes think the TV is talking directly to me.,Unusual Experiences,,,True
it_101482,CAT-PD,"0.81,0.85",1,False,Strive in every way possible to be flawless.,Perfectionism,,,True
it_101483,CAT-PD,"0.83,0.88",1,False,Suspect hidden motives in others.,Mistrust,,,True
it_101484,CAT-PD,"0.88,0.85",1,False,Take advantage of others.,Manipulativeness,,,True
it_101485,CAT-PD,"0.88,0.88",1,False,Tend to feel very hopeless.,Depression,,,True
it_101486,CAT-PD,"0.82,0.86",1,False,Think it's best to keep my emotions to myself.,Emotional Detachment,,,True
it_101487,CAT-PD,"0.84,0.84",-1,True,Think that I am in good medical condition.,Health Anxiety,,,True
it_101488,CAT-PD,"0.85,0.81",1,False,Treat people as inferiors.,Grandiosity,,,True
it_101489,CAT-PD,"0.83,0.84",1,False,Use magic to ward off bad thoughts about me.,Irrational Beliefs,,,True
it_101490,CAT-PD,"0.82,0.83",1,False,Use my looks to get what I want.,Exhibitionism,,,True
it_101491,CAT-PD,"0.84,0.83",1,False,Usually believe that my friends will abandon me.,Relationship Insecurity,,,True
it_101492,CAT-PD,"0.82,0.87",1,False,Will spread false rumors as a way to hurt others.,Hostile Aggression,,,True
it_101493,CAT-PD,"0.83,0.85",1,False,Work longer hours than most people.,Workaholism,,,True
it_101494,CAT-PD,"0.83,0.85",1,False,Work so hard that my relationships have suffered.,Workaholism,,,True
it_101495,CAT-PD,"0.83,0.85",1,False,Work too much.,Workaholism,,,True
it_101496,CAT-PD,"0.84,0.84",1,False,Worry a lot about catching a serious illness.,Health Anxiety,,,True
it_101497,CAT-PD,"0.84,0.84",1,False,Worry about my health.,Health Anxiety,,,True
it_101498,CAT-PD,"0.86,0.82",-1,True,Would describe myself as a normal person.,Peculiarity,,,True
it_101499,CAT-PD,"0.84,0.84",1,False,Would do anything to get an adrenaline rush.,Risk-taking/Sensation-Seeking/Thrill-Seeking,,,True
it_101500,Chapman1986,0.77,1,False,Am a person whose moods go up and down easily.,Hypomanic Mood Intensity,,,True
it_101501,Chapman1986,0.77,1,False,Am considered to be kind of eccentric.,Hypomanic Mood Intensity,,,True
it_101502,Chapman1986,0.81,1,False,Am often so assertive or sociable that I surprise myself.,Hypomanic Exhibitionism,,,True
it_101503,Chapman1986,0.77,1,False,Am often so restless that it is impossible for me to sit still.,Hypomanic Mood Intensity,,,True
it_101504,Chapman1986,0.81,1,False,Am so good at controlling others that it sometimes scares me.,Hypomanic Exhibitionism,,,True
it_101505,Chapman1986,0.77,-1,True,"Am usually in an average sort of mood, not too high and not too low.",Hypomanic Mood Intensity,,,True
it_101506,Chapman1986,0.81,1,False,Can play many roles convincingly.,Hypomanic Exhibitionism,,,True
it_101507,Chapman1986,0.77,-1,True,Can slow myself down when I want to.,Hypomanic Mood Intensity,,,True
it_101508,Chapman1986,0.81,1,False,Could be a success in many fields.,Hypomanic Exhibitionism,,,True
it_101509,Chapman1986,0.77,1,False,Feel emotions with extreme intensity.,Hypomanic Mood Intensity,,,True
it_101510,Chapman1986,0.77,1,False,Find that my thoughts are racing.,Hypomanic Mood Intensity,,,True
it_101511,Chapman1986,0.77,1,False,Get into moods where I feel very speeded up and irritable.,Hypomanic Mood Intensity,,,True
it_101512,Chapman1986,0.77,1,False,Get so happy or energetic that I am almost giddy.,Hypomanic Mood Intensity,,,True
it_101513,Chapman1986,0.81,1,False,Have an uncommon ability to persuade or inspire others.,Hypomanic Exhibitionism,,,True
it_101514,Chapman1986,0.81,1,False,Have persuaded others to do something really adventurous or crazy.,Hypomanic Exhibitionism,,,True
it_101515,Chapman1986,0.81,-1,True,Like to be thought of as a normal kind of person.,Hypomanic Exhibitionism,,,True
it_101516,Chapman1986,0.81,-1,True,Prefer to let others be the center of attention.,Hypomanic Exhibitionism,,,True
it_101517,Chapman1986,0.77,1,False,Tend to feel happy and irritable at the same time.,Hypomanic Mood Intensity,,,True
it_101518,Chapman1986,0.81,1,False,Think I would make a good actor.,Hypomanic Exhibitionism,,,True
it_101519,Chapman1986,0.77,-1,True,Think that my moods don't change more than most people's do.,Hypomanic Mood Intensity,,,True
it_101520,Chapman1986,0.77,-1,True,Understand the reasons when I feel very excited or happy.,Hypomanic Mood Intensity,,,True
it_101521,Chapman1986,0.81,-1,True,Would be nervous playing the clown in front of other people.,Hypomanic Exhibitionism,,,True
it_101522,Chapman1986,0.81,1,False,Would enjoy campaigning for political office.,Hypomanic Exhibitionism,,,True
it_101523,Chapman1986,0.81,1,False,Would make a good night-club comedian.,Hypomanic Exhibitionism,,,True
it_101524,CPI,0.69,1,False,Acknowledge others' accomplishments.,Tolerance,,,True
it_101525,CPI,0.66,1,False,Act according to my conscience.,Responsibility,,,True
it_101526,CPI,0.87,1,False,Act comfortably with others.,Sociability,,,True
it_101527,CPI,0.66,-1,True,Act quickly without thinking.,Calmness,,,True
it_101528,CPI,0.71,-1,True,Act wild and crazy.,Self-control/Self-regulation,,,True
it_101529,CPI,0.73,-1,True,Act without planning.,Dutifulness,,,True
it_101530,CPI,0.66,1,False,Am able to cooperate with others.,Responsibility,,,True
it_101531,CPI,0.82,-1,True,Am afraid that I will do the wrong thing.,Forcefulness,,,True
it_101532,CPI,0.82,-1,True,Am apprehensive about new encounters.,Forcefulness,,,True
it_101533,CPI,0.77,1,False,Am comfortable in unfamiliar situations.,Happiness,,,True
it_101534,CPI,0.82,-1,True,Am easily discouraged.,Forcefulness,,,True
it_101535,CPI,0.77,-1,True,Am easily disturbed.,Good Nature,,,True
it_101536,CPI,0.74,-1,True,Am easily hurt.,Competence,,,True
it_101537,CPI,0.82,-1,True,Am easily intimidated.,Forcefulness,,,True
it_101538,CPI,0.74,-1,True,Am easily offended.,Competence,,,True
it_101539,CPI,0.64,-1,True,Am easily put out.,Politeness,,,True
it_101540,CPI,0.75,1,False,Am exacting in my work.,Self-discipline,,,True
it_101541,CPI,0.84,-1,True,Am filled with doubts about things.,Security,,,True
it_101542,CPI,0.74,1,False,Am full of ideas.,Competence,,,True
it_101543,CPI,0.75,-1,True,Am guided by my moods.,Temperance,,,True
it_101544,CPI,0.7,-1,True,Am hard to understand.,Stability,,,True
it_101545,CPI,0.69,1,False,Am interested in many things.,Depth,,,True
it_101546,CPI,0.8,1,False,Am not bothered by disorder.,Disorderliness,,,True
it_101547,CPI,0.8,1,False,Am not bothered by messy people.,Disorderliness,,,True
it_101548,CPI,0.71,1,False,Am not easily affected by my emotions.,Self-control/Self-regulation,,,True
it_101549,CPI,0.69,-1,True,Am not easily amused.,Depth,,,True
it_101550,CPI,0.83,1,False,Am not easily annoyed.,Amiability,,,True
it_101551,CPI,0.8,1,False,Am not easily bothered by things.,Hope/Optimism,,,True
it_101552,CPI,0.66,1,False,Am not easily frustrated.,Calmness,,,True
it_101553,CPI,0.82,1,False,Am not embarrassed easily.,Forcefulness,,,True
it_101554,CPI,0.73,-1,True,Am not interested in speculating about things.,Complexity,,,True
it_101555,CPI,0.85,-1,True,Am not interested in theoretical discussions.,Intellect,,,True
it_101556,CPI,0.77,-1,True,Am not sure where my life is going.,Happiness,,,True
it_101557,CPI,0.77,-1,True,Am often down in the dumps.,Happiness,,,True
it_101558,CPI,0.83,-1,True,Am often in a bad mood.,Amiability,,,True
it_101559,CPI,0.71,1,False,Am open to change.,Adventurousness,,,True
it_101560,CPI,0.66,1,False,Am polite to strangers.,Responsibility,,,True
it_101561,CPI,0.75,-1,True,Am preoccupied with myself.,Temperance,,,True
it_101562,CPI,0.77,-1,True,Am put off by unexpected events.,Good Nature,,,True
it_101563,CPI,0.82,1,False,Am quick to correct others.,Dominance,,,True
it_101564,CPI,0.82,1,False,Am quick to correct others.,Assertiveness,,,True
it_101565,CPI,0.81,1,False,Am quick to understand things.,Self-efficacy,,,True
it_101566,CPI,0.66,1,False,Am relaxed most of the time.,Calmness,,,True
it_101567,CPI,0.87,1,False,Am skilled in handling social situations.,Sociability,,,True
it_101568,CPI,0.71,-1,True,Am the last to laugh at a joke.,Adventurousness,,,True
it_101569,CPI,0.85,-1,True,Am the life of the party.,Introversion,,,True
it_101570,CPI,0.82,1,False,Am very pleased with myself.,Forcefulness,,,True
it_101571,CPI,0.69,-1,True,Am wary of others.,Tolerance,,,True
it_101572,CPI,0.73,1,False,Am willing to talk about myself.,Complexity,,,True
it_101573,CPI,0.71,1,False,Amuse my friends.,Adventurousness,,,True
it_101574,CPI,0.66,1,False,Anticipate the needs of others.,Responsibility,,,True
it_101575,CPI,0.66,1,False,Appreciate people who wait on me.,Responsibility,,,True
it_101576,CPI,0.69,1,False,Approach others in a positive manner.,Depth,,,True
it_101577,CPI,0.75,-1,True,Avoid responsibilities.,Self-discipline,,,True
it_101578,CPI,0.64,-1,True,Back out at the last moment.,Politeness,,,True
it_101579,CPI,0.77,-1,True,Become overwhelmed by events.,Happiness,,,True
it_101580,CPI,0.69,-1,True,Believe in an eye for an eye.,Tolerance,,,True
it_101581,CPI,0.66,1,False,Believe in human goodness.,Calmness,,,True
it_101582,CPI,0.85,1,False,Believe in the importance of art.,Liberalism,,,True
it_101583,CPI,0.85,-1,True,Believe laws should be strictly enforced.,Liberalism,,,True
it_101584,CPI,0.71,1,False,Believe that I am important.,Adventurousness,,,True
it_101585,CPI,0.77,-1,True,Believe that people are essentially evil.,Good Nature,,,True
it_101586,CPI,0.85,-1,True,Believe that too much tax money goes to support artists.,Liberalism,,,True
it_101587,CPI,0.85,-1,True,Believe that we coddle criminals too much.,Liberalism,,,True
it_101588,CPI,0.85,-1,True,Believe that we should be tough on crime.,Liberalism,,,True
it_101589,CPI,0.66,-1,True,Blurt out whatever comes into my mind.,Calmness,,,True
it_101590,CPI,0.64,-1,True,Break my promises.,Politeness,,,True
it_101591,CPI,0.77,-1,True,Break rules.,Timidity,,,True
it_101592,CPI,0.81,1,False,Can handle complex problems.,Self-efficacy,,,True
it_101593,CPI,0.73,1,False,Can see different points of view.,Complexity,,,True
it_101594,CPI,0.85,-1,True,Can talk others into doing things.,Introversion,,,True
it_101595,CPI,0.79,-1,True,Can't make up my mind.,Poise,,,True
it_101596,CPI,0.84,1,False,Carry out my plans.,Security,,,True
it_101597,CPI,0.82,1,False,Challenge others' points of view.,Dominance,,,True
it_101598,CPI,0.82,1,False,Challenge others' points of view.,Assertiveness,,,True
it_101599,CPI,0.75,-1,True,Change my mood a lot.,Temperance,,,True
it_101600,CPI,0.62,1,False,Choose my words with care.,Planfulness,,,True
it_101601,CPI,0.62,-1,True,Choose the easy way.,Planfulness,,,True
it_101602,CPI,0.78,1,False,Come up with alternatives.,Insight,,,True
it_101603,CPI,0.74,1,False,Come up with good solutions.,Competence,,,True
it_101604,CPI,0.78,1,False,Come up with something new.,Insight,,,True
it_101605,CPI,0.62,-1,True,Come up with unworkable plans.,Planfulness,,,True
it_101606,CPI,0.84,1,False,Complete tasks successfully.,Security,,,True
it_101607,CPI,0.78,-1,True,Consider myself an average person.,Insight,,,True
it_101608,CPI,0.8,-1,True,Continue until everything is perfect.,Disorderliness,,,True
it_101609,CPI,0.7,1,False,Cry during movies.,Sentimentality,,,True
it_101610,CPI,0.7,1,False,Cry easily.,Sentimentality,,,True
it_101611,CPI,0.64,-1,True,Cut conversations short.,Politeness,,,True
it_101612,CPI,0.71,-1,True,Demand attention.,Self-control/Self-regulation,,,True
it_101613,CPI,0.82,1,False,Demand explanations from others.,Dominance,,,True
it_101614,CPI,0.82,1,False,Demand explanations from others.,Assertiveness,,,True
it_101615,CPI,0.85,1,False,Dislike being the center of attention.,Introversion,,,True
it_101616,CPI,0.7,1,False,Dislike competing with others.,Sentimentality,,,True
it_101617,CPI,0.8,-1,True,Dislike learning.,Comprehension,,,True
it_101618,CPI,0.84,-1,True,Dislike myself.,Security,,,True
it_101619,CPI,0.73,-1,True,Dislike new foods.,Complexity,,,True
it_101620,CPI,0.75,-1,True,Disregard rules.,Self-discipline,,,True
it_101621,CPI,0.69,-1,True,Distrust people.,Tolerance,,,True
it_101622,CPI,0.64,1,False,Do a lot in my spare time.,Politeness,,,True
it_101623,CPI,0.71,-1,True,Do crazy things.,Self-control/Self-regulation,,,True
it_101624,CPI,0.77,-1,True,Do dangerous things.,Timidity,,,True
it_101625,CPI,0.75,-1,True,Do improper things.,Self-discipline,,,True
it_101626,CPI,0.7,-1,True,Do not enjoy watching dance performances.,Sentimentality,,,True
it_101627,CPI,0.81,-1,True,Do not have a good imagination.,Self-efficacy,,,True
it_101628,CPI,0.85,-1,True,Do not like art.,Liberalism,,,True
it_101629,CPI,0.73,-1,True,Do not like concerts.,Complexity,,,True
it_101630,CPI,0.69,-1,True,Do not like poetry.,Depth,,,True
it_101631,CPI,0.62,-1,True,Do not think about decisions.,Planfulness,,,True
it_101632,CPI,0.73,1,False,Do things according to a plan.,Dutifulness,,,True
it_101633,CPI,0.64,-1,True,Do things behind other people's backs.,Politeness,,,True
it_101634,CPI,0.73,1,False,Do things by the book.,Dutifulness,,,True
it_101635,CPI,0.7,-1,True,Do things that others find strange.,Stability,,,True
it_101636,CPI,0.7,-1,True,Do unexpected things.,Stability,,,True
it_101637,CPI,0.62,-1,True,Don't bother to make an effort.,Planfulness,,,True
it_101638,CPI,0.79,-1,True,Don't know why I do some of the things I do.,Poise,,,True
it_101639,CPI,0.7,1,False,Don't like action movies.,Sentimentality,,,True
it_101640,CPI,0.69,-1,True,Don't like the idea of change.,Depth,,,True
it_101641,CPI,0.85,1,False,Don't like to draw attention to myself.,Introversion,,,True
it_101642,CPI,0.85,-1,True,Don't mind being the center of attention.,Introversion,,,True
it_101643,CPI,0.64,-1,True,Don't put a lot of thought into things.,Politeness,,,True
it_101644,CPI,0.85,1,False,Don't talk a lot.,Introversion,,,True
it_101645,CPI,0.7,-1,True,Don't understand people who get emotional.,Sentimentality,,,True
it_101646,CPI,0.8,-1,True,Don't understand things.,Comprehension,,,True
it_101647,CPI,0.75,1,False,Easily resist temptations.,Temperance,,,True
it_101648,CPI,0.73,1,False,Engage in discussions.,Complexity,,,True
it_101649,CPI,0.77,-1,True,Enjoy being reckless.,Timidity,,,True
it_101650,CPI,0.85,1,False,Enjoy contemplation.,Intellect,,,True
it_101651,CPI,0.77,-1,True,Enjoy crude jokes.,Timidity,,,True
it_101652,CPI,0.7,-1,True,Enjoy games of strategy.,Sentimentality,,,True
it_101653,CPI,0.8,1,False,Enjoy my work.,Hope/Optimism,,,True
it_101654,CPI,0.73,1,False,Enjoy thinking about things.,Complexity,,,True
it_101655,CPI,0.85,1,False,Enjoy thought-provoking movies.,Intellect,,,True
it_101656,CPI,0.74,-1,True,Excel in nothing at all.,Competence,,,True
it_101657,CPI,0.66,-1,True,Expect things to fail.,Calmness,,,True
it_101658,CPI,0.71,1,False,Experience very few emotional highs and lows.,Self-control/Self-regulation,,,True
it_101659,CPI,0.8,-1,True,Fear for the worst.,Hope/Optimism,,,True
it_101660,CPI,0.77,1,False,Feel at ease with people.,Happiness,,,True
it_101661,CPI,0.77,-1,True,Feel attacked by others.,Happiness,,,True
it_101662,CPI,0.87,1,False,Feel comfortable around people.,Sociability,,,True
it_101663,CPI,0.84,1,False,Feel comfortable with myself.,Security,,,True
it_101664,CPI,0.74,-1,True,Feel crushed by setbacks.,Competence,,,True
it_101665,CPI,0.8,-1,True,Feel desperate.,Hope/Optimism,,,True
it_101666,CPI,0.77,1,False,Feel lucky most of the time.,Good Nature,,,True
it_101667,CPI,0.8,-1,True,Feel short-changed in life.,Hope/Optimism,,,True
it_101668,CPI,0.79,-1,True,Feel that I'm unable to deal with things.,Poise,,,True
it_101669,CPI,0.62,-1,True,Feel that my interests change quickly.,Planfulness,,,True
it_101670,CPI,0.84,-1,True,Feel that my life lacks direction.,Security,,,True
it_101671,CPI,0.77,-1,True,Feel that people have a hard time understanding me.,Happiness,,,True
it_101672,CPI,0.79,-1,True,Feel threatened easily.,Poise,,,True
it_101673,CPI,0.87,-1,True,Find it difficult to approach others.,Sociability,,,True
it_101674,CPI,0.75,-1,True,Find it difficult to get down to work.,Self-discipline,,,True
it_101675,CPI,0.69,-1,True,Find it hard to forgive others.,Tolerance,,,True
it_101676,CPI,0.85,1,False,Find political discussions interesting.,Intellect,,,True
it_101677,CPI,0.62,1,False,Follow through on my commitments.,Planfulness,,,True
it_101678,CPI,0.62,1,False,Follow through with my plans.,Planfulness,,,True
it_101679,CPI,0.81,1,False,Formulate ideas clearly.,Self-efficacy,,,True
it_101680,CPI,0.83,-1,True,Get angry easily.,Amiability,,,True
it_101681,CPI,0.77,-1,True,Get annoyed at the slightest provocation.,Good Nature,,,True
it_101682,CPI,0.64,-1,True,Get annoyed with others' behaviors.,Politeness,,,True
it_101683,CPI,0.7,-1,True,Get back at others.,Stability,,,True
it_101684,CPI,0.7,-1,True,Get bored easily.,Stability,,,True
it_101685,CPI,0.8,-1,True,Get caught up in my problems.,Hope/Optimism,,,True
it_101686,CPI,0.75,1,False,Get chores done right away.,Self-discipline,,,True
it_101687,CPI,0.74,-1,True,Get confused easily.,Competence,,,True
it_101688,CPI,0.77,-1,True,Get fed up easily.,Good Nature,,,True
it_101689,CPI,0.77,-1,True,Get irritated easily.,Good Nature,,,True
it_101690,CPI,0.83,-1,True,Get out of control.,Amiability,,,True
it_101691,CPI,0.75,1,False,Get to work at once.,Self-discipline,,,True
it_101692,CPI,0.77,-1,True,Get upset easily.,Good Nature,,,True
it_101693,CPI,0.82,-1,True,Give up easily.,Forcefulness,,,True
it_101694,CPI,0.7,-1,True,Go on binges.,Stability,,,True
it_101695,CPI,0.75,1,False,Go straight for the goal.,Self-discipline,,,True
it_101696,CPI,0.75,-1,True,Grumble about things.,Temperance,,,True
it_101697,CPI,0.8,-1,True,Habitually blow my chances.,Hope/Optimism,,,True
it_101698,CPI,0.79,1,False,Handle tasks smoothly.,Poise,,,True
it_101699,CPI,0.64,-1,True,Hang up the phone on people.,Politeness,,,True
it_101700,CPI,0.71,-1,True,Hate surprises.,Adventurousness,,,True
it_101701,CPI,0.82,-1,True,Hate to seem pushy.,Dominance,,,True
it_101702,CPI,0.82,-1,True,Hate to seem pushy.,Assertiveness,,,True
it_101703,CPI,0.77,-1,True,Have a dark outlook on the future.,Happiness,,,True
it_101704,CPI,0.71,1,False,Have a lot of fun.,Adventurousness,,,True
it_101705,CPI,0.82,-1,True,Have a low opinion of myself.,Forcefulness,,,True
it_101706,CPI,0.78,1,False,Have a vivid imagination.,Insight,,,True
it_101707,CPI,0.83,-1,True,Have days when I'm mad at the world.,Amiability,,,True
it_101708,CPI,0.87,-1,True,Have difficulty expressing my feelings.,Sociability,,,True
it_101709,CPI,0.78,-1,True,Have difficulty imagining things.,Insight,,,True
it_101710,CPI,0.81,1,False,Have excellent ideas.,Self-efficacy,,,True
it_101711,CPI,0.66,-1,True,Have frequent mood swings.,Calmness,,,True
it_101712,CPI,0.78,-1,True,Have little to contribute.,Insight,,,True
it_101713,CPI,0.87,-1,True,Have little to say.,Sociability,,,True
it_101714,CPI,0.69,-1,True,Hide my real intentions.,Depth,,,True
it_101715,CPI,0.82,1,False,Impose my will on others.,Dominance,,,True
it_101716,CPI,0.82,1,False,Impose my will on others.,Assertiveness,,,True
it_101717,CPI,0.66,-1,True,Judge myself more harshly than others do.,Calmness,,,True
it_101718,CPI,0.85,1,False,Keep in the background.,Introversion,,,True
it_101719,CPI,0.8,1,False,Keep my cool.,Hope/Optimism,,,True
it_101720,CPI,0.75,1,False,Keep my promises.,Temperance,,,True
it_101721,CPI,0.7,-1,True,Know how things work.,Sentimentality,,,True
it_101722,CPI,0.77,-1,True,Know how to get around the rules.,Timidity,,,True
it_101723,CPI,0.74,-1,True,Know that I am not a special person.,Competence,,,True
it_101724,CPI,0.8,1,False,Know the answers to many questions.,Comprehension,,,True
it_101725,CPI,0.77,-1,True,Laugh at others.,Timidity,,,True
it_101726,CPI,0.82,1,False,Lay down the law to others.,Dominance,,,True
it_101727,CPI,0.82,1,False,Lay down the law to others.,Assertiveness,,,True
it_101728,CPI,0.8,1,False,Leave a mess in my room.,Disorderliness,,,True
it_101729,CPI,0.81,-1,True,Let myself be directed by others.,Self-efficacy,,,True
it_101730,CPI,0.71,1,False,Let myself go.,Adventurousness,,,True
it_101731,CPI,0.81,-1,True,Let others determine my choices.,Self-efficacy,,,True
it_101732,CPI,0.8,-1,True,Like order.,Disorderliness,,,True
it_101733,CPI,0.66,1,False,Like to be of service to others.,Responsibility,,,True
it_101734,CPI,0.75,1,False,Like to organize things.,Self-discipline,,,True
it_101735,CPI,0.85,-1,True,Like to stand during the national anthem.,Liberalism,,,True
it_101736,CPI,0.7,-1,True,Live in a world of my own.,Stability,,,True
it_101737,CPI,0.62,1,False,Look at the facts.,Planfulness,,,True
it_101738,CPI,0.69,-1,True,Look down on any weakness.,Tolerance,,,True
it_101739,CPI,0.66,-1,True,Look for hidden meanings in things.,Calmness,,,True
it_101740,CPI,0.7,1,False,Love flowers.,Sentimentality,,,True
it_101741,CPI,0.77,1,False,Love life.,Happiness,,,True
it_101742,CPI,0.8,-1,True,Love order and regularity.,Disorderliness,,,True
it_101743,CPI,0.75,-1,True,Love to come up with objections.,Temperance,,,True
it_101744,CPI,0.71,-1,True,Make a lot of noise.,Self-control/Self-regulation,,,True
it_101745,CPI,0.7,-1,True,Make enemies.,Stability,,,True
it_101746,CPI,0.69,1,False,Make people feel at ease.,Depth,,,True
it_101747,CPI,0.73,1,False,Make plans and stick to them.,Dutifulness,,,True
it_101748,CPI,0.71,-1,True,Make rash decisions.,Self-control/Self-regulation,,,True
it_101749,CPI,0.79,-1,True,Mess things up.,Poise,,,True
it_101750,CPI,0.79,1,False,Need things explained only once.,Poise,,,True
it_101751,CPI,0.81,-1,True,Never challenge things.,Self-efficacy,,,True
it_101752,CPI,0.71,1,False,Never spend more than I can afford.,Self-control/Self-regulation,,,True
it_101753,CPI,0.77,-1,True,Often express doubts.,Good Nature,,,True
it_101754,CPI,0.84,-1,True,Often feel blue.,Security,,,True
it_101755,CPI,0.87,-1,True,Often feel uncomfortable around others.,Sociability,,,True
it_101756,CPI,0.8,1,False,Often forget to put things back in their proper place.,Disorderliness,,,True
it_101757,CPI,0.87,-1,True,Only feel comfortable with friends.,Sociability,,,True
it_101758,CPI,0.73,-1,True,Overuse my credit.,Dutifulness,,,True
it_101759,CPI,0.79,-1,True,Panic easily.,Poise,,,True
it_101760,CPI,0.79,1,False,Pay attention to details.,Poise,,,True
it_101761,CPI,0.77,-1,True,Play tricks on others.,Timidity,,,True
it_101762,CPI,0.85,-1,True,Prefer to stick with things that I know.,Intellect,,,True
it_101763,CPI,0.78,1,False,Put a new perspective on things.,Insight,,,True
it_101764,CPI,0.69,-1,True,Put down others' proposals.,Tolerance,,,True
it_101765,CPI,0.82,1,False,Put people under pressure.,Dominance,,,True
it_101766,CPI,0.82,1,False,Put people under pressure.,Assertiveness,,,True
it_101767,CPI,0.74,-1,True,Question my ability to do my work properly.,Competence,,,True
it_101768,CPI,0.83,1,False,Rarely complain.,Amiability,,,True
it_101769,CPI,0.83,1,False,Rarely get irritated.,Amiability,,,True
it_101770,CPI,0.75,1,False,Rarely overindulge.,Temperance,,,True
it_101771,CPI,0.69,-1,True,Rarely smile.,Depth,,,True
it_101772,CPI,0.66,-1,True,React intensely.,Calmness,,,True
it_101773,CPI,0.8,1,False,Read quickly.,Comprehension,,,True
it_101774,CPI,0.82,1,False,Readily overcome setbacks.,Forcefulness,,,True
it_101775,CPI,0.79,1,False,Remain calm under pressure.,Poise,,,True
it_101776,CPI,0.7,1,False,Remember my friends' birthdays.,Sentimentality,,,True
it_101777,CPI,0.64,1,False,Respect the opinions of others.,Politeness,,,True
it_101778,CPI,0.84,-1,True,Retreat from others.,Security,,,True
it_101779,CPI,0.66,1,False,Return extra change when a cashier makes a mistake.,Responsibility,,,True
it_101780,CPI,0.75,-1,True,Say inappropriate things.,Temperance,,,True
it_101781,CPI,0.78,-1,True,Say nothing new.,Insight,,,True
it_101782,CPI,0.64,-1,True,Scheme against others.,Politeness,,,True
it_101783,CPI,0.8,-1,True,See difficulties everywhere.,Hope/Optimism,,,True
it_101784,CPI,0.77,-1,True,See other people as my competitors.,Good Nature,,,True
it_101785,CPI,0.8,-1,True,See that rules are observed.,Disorderliness,,,True
it_101786,CPI,0.69,1,False,See the humor in situations.,Depth,,,True
it_101787,CPI,0.77,-1,True,Seek danger.,Timidity,,,True
it_101788,CPI,0.85,-1,True,Seek to influence others.,Introversion,,,True
it_101789,CPI,0.84,1,False,Seldom feel blue.,Security,,,True
it_101790,CPI,0.83,1,False,Seldom get mad.,Amiability,,,True
it_101791,CPI,0.71,-1,True,Seldom joke around.,Adventurousness,,,True
it_101792,CPI,0.83,1,False,Seldom take offense.,Amiability,,,True
it_101793,CPI,0.8,-1,True,Skip difficult words while reading.,Comprehension,,,True
it_101794,CPI,0.7,-1,True,Snap at people.,Stability,,,True
it_101795,CPI,0.73,-1,True,Spend more money than I have.,Dutifulness,,,True
it_101796,CPI,0.87,1,False,Start conversations.,Sociability,,,True
it_101797,CPI,0.62,1,False,Stick to my chosen path.,Planfulness,,,True
it_101798,CPI,0.77,1,False,Stick to the rules.,Timidity,,,True
it_101799,CPI,0.75,-1,True,Suddenly lose interest.,Temperance,,,True
it_101800,CPI,0.7,1,False,Suffer from others' sorrows.,Sentimentality,,,True
it_101801,CPI,0.83,-1,True,Suspect hidden motives in others.,Amiability,,,True
it_101802,CPI,0.7,1,False,Sympathize with others' feelings.,Sentimentality,,,True
it_101803,CPI,0.69,1,False,Sympathize with the homeless.,Tolerance,,,True
it_101804,CPI,0.85,-1,True,Take charge.,Introversion,,,True
it_101805,CPI,0.8,-1,True,Take offense easily.,Hope/Optimism,,,True
it_101806,CPI,0.66,1,False,Take others' interests into account.,Responsibility,,,True
it_101807,CPI,0.82,1,False,Take the initiative.,Forcefulness,,,True
it_101808,CPI,0.87,1,False,Talk to a lot of different people at parties.,Sociability,,,True
it_101809,CPI,0.85,-1,True,Tend to vote for conservative political candidates.,Liberalism,,,True
it_101810,CPI,0.85,1,False,Tend to vote for liberal political candidates.,Liberalism,,,True
it_101811,CPI,0.84,1,False,Think highly of myself.,Security,,,True
it_101812,CPI,0.81,1,False,Think quickly.,Self-efficacy,,,True
it_101813,CPI,0.78,1,False,Throw a new light on the situation.,Insight,,,True
it_101814,CPI,0.69,-1,True,Treat people as inferiors.,Tolerance,,,True
it_101815,CPI,0.7,1,False,Trust others.,Stability,,,True
it_101816,CPI,0.66,-1,True,Try not to think about the needy.,Responsibility,,,True
it_101817,CPI,0.71,1,False,Try out new things.,Adventurousness,,,True
it_101818,CPI,0.66,1,False,Try to forgive and forget.,Responsibility,,,True
it_101819,CPI,0.82,1,False,Try to outdo others.,Dominance,,,True
it_101820,CPI,0.82,1,False,Try to outdo others.,Assertiveness,,,True
it_101821,CPI,0.82,1,False,Try to surpass others' accomplishments.,Dominance,,,True
it_101822,CPI,0.82,1,False,Try to surpass others' accomplishments.,Assertiveness,,,True
it_101823,CPI,0.73,1,False,Understand people who think differently.,Complexity,,,True
it_101824,CPI,0.81,-1,True,Undertake few things on my own.,Self-efficacy,,,True
it_101825,CPI,0.71,-1,True,Use flattery to get ahead.,Self-control/Self-regulation,,,True
it_101826,CPI,0.71,-1,True,Use swear words.,Self-control/Self-regulation,,,True
it_101827,CPI,0.8,-1,True,Want everything to add up perfectly.,Disorderliness,,,True
it_101828,CPI,0.8,-1,True,Want everything to be just right.,Disorderliness,,,True
it_101829,CPI,0.85,-1,True,Want to be in charge.,Introversion,,,True
it_101830,CPI,0.82,1,False,Want to control the conversation.,Dominance,,,True
it_101831,CPI,0.82,1,False,Want to control the conversation.,Assertiveness,,,True
it_101832,CPI,0.69,1,False,Want to increase my knowledge.,Depth,,,True
it_101833,CPI,0.75,-1,True,Waste my time.,Self-discipline,,,True
it_101834,CPI,0.78,-1,True,Would describe my experiences as somewhat dull.,Insight,,,True
it_101835,CPI,0.73,1,False,Would never cheat on my taxes.,Dutifulness,,,True
it_101836,CPI,0.77,1,False,Would never go hang gliding or bungee jumping.,Timidity,,,True
it_101837,Foa1998,0.82,1,False,Am afraid that I will do the wrong thing.,Perfectionism,,,True
it_101838,Foa1998,0.82,1,False,Am filled with doubts about things.,Perfectionism,,,True
it_101839,Foa1998,0.81,-1,True,Am not bothered by disorder.,Need for Order and Cleanliness,,,True
it_101840,Foa1998,0.81,-1,True,Am not bothered by messy people.,Need for Order and Cleanliness,,,True
it_101841,Foa1998,0.82,-1,True,Complete tasks successfully.,Perfectionism,,,True
it_101842,Foa1998,0.81,1,False,Continue until everything is perfect.,Need for Order and Cleanliness,,,True
it_101843,Foa1998,0.82,1,False,Dislike myself.,Perfectionism,,,True
it_101844,Foa1998,0.82,1,False,Excel in nothing at all.,Perfectionism,,,True
it_101845,Foa1998,0.82,-1,True,Feel comfortable with myself.,Perfectionism,,,True
it_101846,Foa1998,0.81,1,False,Follow a schedule.,Need for Order and Cleanliness,,,True
it_101847,Foa1998,0.81,-1,True,Leave a mess in my room.,Need for Order and Cleanliness,,,True
it_101848,Foa1998,0.81,-1,True,Leave my belongings around.,Need for Order and Cleanliness,,,True
it_101849,Foa1998,0.81,1,False,Like order.,Need for Order and Cleanliness,,,True
it_101850,Foa1998,0.81,1,False,Like to tidy up.,Need for Order and Cleanliness,,,True
it_101851,Foa1998,0.82,1,False,Mess things up.,Perfectionism,,,True
it_101852,Foa1998,0.82,1,False,Question my ability to do my work properly.,Perfectionism,,,True
it_101853,Foa1998,0.82,-1,True,Remain calm under pressure.,Perfectionism,,,True
it_101854,Foa1998,0.82,-1,True,Seldom feel blue.,Perfectionism,,,True
it_101855,Foa1998,0.81,1,False,Want everything to add up perfectly.,Need for Order and Cleanliness,,,True
it_101856,Foa1998,0.81,1,False,Want everything to be just right.,Need for Order and Cleanliness,,,True
it_101857,Foa2002,0.87,1,False,Am considered attractive by others.,Physical Attractiveness,,,True
it_101858,Foa2002,0.87,1,False,Attract attention from the opposite sex.,Physical Attractiveness,,,True
it_101859,Foa2002,0.87,1,False,Check on things more often than necessary.,Obsessive-Compulsive Symptoms,,,True
it_101860,Foa2002,0.87,-1,True,Dislike looking at my body.,Physical Attractiveness,,,True
it_101861,Foa2002,0.87,-1,True,Dislike looking at myself in the mirror.,Physical Attractiveness,,,True
it_101862,Foa2002,0.87,-1,True,Don't consider myself attractive.,Physical Attractiveness,,,True
it_101863,Foa2002,0.87,1,False,Feel that I have to repeat certain numbers.,Obsessive-Compulsive Symptoms,,,True
it_101864,Foa2002,0.87,1,False,Feel that there are good and bad numbers.,Obsessive-Compulsive Symptoms,,,True
it_101865,Foa2002,0.87,1,False,Find it difficult to touch an object that has been touched by other,Obsessive-Compulsive Symptoms,,,True
it_101866,Foa2002,0.87,1,False,Get upset by unpleasant thoughts that come into my mind.,Obsessive-Compulsive Symptoms,,,True
it_101867,Foa2002,0.87,1,False,Get upset if objects are not arranged properly.,Obsessive-Compulsive Symptoms,,,True
it_101868,Foa2002,0.87,1,False,Get upset if others change the way that I have arranged things.,Obsessive-Compulsive Symptoms,,,True
it_101869,Foa2002,0.87,1,False,Have a pleasing physique.,Physical Attractiveness,,,True
it_101870,Foa2002,0.87,1,False,Have difficulty getting rid of nasty thoughts.,Obsessive-Compulsive Symptoms,,,True
it_101871,Foa2002,0.87,1,False,Like to look at my body.,Physical Attractiveness,,,True
it_101872,Foa2002,0.87,1,False,Like to look at myself in the mirror.,Physical Attractiveness,,,True
it_101873,Foa2002,0.87,1,False,Like to show off my body.,Physical Attractiveness,,,True
it_101874,Foa2002,0.87,1,False,Need things to be arranged in a particular order.,Obsessive-Compulsive Symptoms,,,True
it_101875,Foa2002,0.87,1,False,"Repeatedly check doors, windows, and drawers.",Obsessive-Compulsive Symptoms,,,True
it_101876,Foa2002,0.87,1,False,Sometimes have to clean myself simply because I feel contaminated.,Obsessive-Compulsive Symptoms,,,True
it_101877,Foa2002,0.87,1,False,Wash my hands more often than is necessary.,Obsessive-Compulsive Symptoms,,,True
it_101878,Goldberg1999,0.9,1,False,Drove or rode somewhere without remembering later what happened_uring all or part of the trip.,Dissociation,,,True
it_101879,Goldberg1999,0.9,1,False,Felt as though I was looking at the world through a fog so that_eople and objects appeared far away or unclear.,Dissociation,,,True
it_101880,Goldberg1999,0.9,1,False,Felt like I was disconnected from my body.,Dissociation,,,True
it_101881,Goldberg1999,0.9,1,False,Felt like I was dreaming when I was awake.,Dissociation,,,True
it_101882,Goldberg1999,0.9,1,False,Felt that I could not move my hands or feet.,Dissociation,,,True
it_101883,Goldberg1999,0.9,1,False,"Find that I sometimes sit staring off into space, thinking of_othing, and am not aware of the passage of time.",Dissociation,,,True
it_101884,Goldberg1999,0.9,1,False,Find that in certain situations I am able to do things with_mazing ease and spontaneity that would usually be difficult_or me.,Dissociation,,,True
it_101885,Goldberg1999,0.9,1,False,Find that in one situation I act so differently from when I'm in another situation that I feel almost as if I were two different_eople.,Dissociation,,,True
it_101886,Goldberg1999,0.9,1,False,Found evidence that I had done things that I did not remember_oing.,Dissociation,,,True
it_101887,Goldberg1999,0.9,1,False,Found myself dressed in clothes I didn't remember putting on.,Dissociation,,,True
it_101888,Goldberg1999,0.9,1,False,Found myself in a place and had no idea how I had gotten there.,Dissociation,,,True
it_101889,Goldberg1999,0.9,1,False,Found new things among my belongings that I didn't remember_uying.,Dissociation,,,True
it_101890,Goldberg1999,0.9,1,False,Found that I became so involved in a fantasy or daydream that it_elt like it was really happening to me.,Dissociation,,,True
it_101891,Goldberg1999,0.9,1,False,Found that I could not remember whether I had done something or_ad just thought about doing that thing.,Dissociation,,,True
it_101892,Goldberg1999,0.9,1,False,"Found that I had no memory for some important event in my life(for example, a wedding or graduation).",Dissociation,,,True
it_101893,Goldberg1999,0.9,1,False,Found that I heard voices inside my head that told me to do things_r commented on things that I was doing.,Dissociation,,,True
it_101894,Goldberg1999,0.9,1,False,Found that I was able to ignore pain.,Dissociation,,,True
it_101895,Goldberg1999,0.9,1,False,Found that when I was watching television or a movie I became so_bsorbed in the story that I was unaware of other events_appening around me.,Dissociation,,,True
it_101896,Goldberg1999,0.9,1,False,"Found writings, drawings, or notes among my belongings that I must_ave done but cannot remember doing.",Dissociation,,,True
it_101897,Goldberg1999,0.9,1,False,Had the experience of being accused of lying when I did not think_ had lied.,Dissociation,,,True
it_101898,Goldberg1999,0.9,1,False,Had the experience of being in a familiar place but finding it_trange and unfamiliar.,Dissociation,,,True
it_101899,Goldberg1999,0.9,1,False,"Had the experience of feeling as though I was standing next to_yself, or watching myself as if I was looking at a different_erson.",Dissociation,,,True
it_101900,Goldberg1999,0.9,1,False,Had the experience of feeling that my body did not belong to me.,Dissociation,,,True
it_101901,Goldberg1999,0.9,1,False,"Had the experience of feeling that other people, objects, and the_orld around me were not real.",Dissociation,,,True
it_101902,Goldberg1999,0.9,1,False,Had the experience of looking in a mirror and not recognizing_yself.,Dissociation,,,True
it_101903,Goldberg1999,0.9,1,False,"Had the experience of not being sure whether things I remember_appening really did happen, or whether I just dreamed them.",Dissociation,,,True
it_101904,Goldberg1999,0.9,1,False,Had the experience of remembering a past event so vividly that it_elt like I was reliving that event.,Dissociation,,,True
it_101905,Goldberg1999,0.9,1,False,Talked out loud to myself.,Dissociation,,,True
it_101906,Goldberg1999,0.9,1,False,Was approached by someone I didn't know who called me by another_ame or who insisted that he or she had met me before.,Dissociation,,,True
it_101907,Goldberg1999,0.9,1,False,Was listening to someone talk and suddenly realized I did not hear_art or all of what was said.,Dissociation,,,True
it_101908,Goldberg1999,0.9,1,False,Was told that I sometimes do not recognize a friend or family_ember.,Dissociation,,,True
it_101909,HEXACO_PI,0.81,1,False,Accept people as they are.,Gentleness,,,True
it_101910,HEXACO_PI,0.8,-1,True,Act impulsively when something is bothering me.,Prudence,,,True
it_101911,HEXACO_PI,0.81,-1,True,Act like different people in different situations.,Sincerity,,,True
it_101912,HEXACO_PI,0.73,1,False,Adjust easily.,Flexibility,,,True
it_101913,HEXACO_PI,0.77,-1,True,Admire a really clever scam.,Fairness,,,True
it_101914,HEXACO_PI,0.84,1,False,Am a physical coward.,Fearfulness,,,True
it_101915,HEXACO_PI,0.73,-1,True,Am annoyed by others' mistakes.,Flexibility,,,True
it_101916,HEXACO_PI,0.84,1,False,Am considered to be kind of eccentric.,Unconventionality,,,True
it_101917,HEXACO_PI,0.79,1,False,Am deeply moved by others' misfortunes.,Sentimentality,,,True
it_101918,HEXACO_PI,0.88,-1,True,Am easily annoyed.,Patience,,,True
it_101919,HEXACO_PI,0.81,1,False,Am exacting in my work.,Diligence,,,True
it_101920,HEXACO_PI,0.85,1,False,Am full of ideas.,Creativity,,,True
it_101921,HEXACO_PI,0.86,1,False,Am good at making impromptu speeches.,Social Boldness,,,True
it_101922,HEXACO_PI,0.73,1,False,Am good at taking advice.,Flexibility,,,True
it_101923,HEXACO_PI,0.73,-1,True,Am hard to convince.,Flexibility,,,True
it_101924,HEXACO_PI,0.85,-1,True,Am hard to get to know.,Sociability,,,True
it_101925,HEXACO_PI,0.73,-1,True,Am hard to reason with.,Flexibility,,,True
it_101926,HEXACO_PI,0.73,-1,True,Am hard to satisfy.,Flexibility,,,True
it_101927,HEXACO_PI,0.78,1,False,Am inclined to forgive others.,Forgiveness,,,True
it_101928,HEXACO_PI,0.78,1,False,Am interested in science.,Inquisitiveness,,,True
it_101929,HEXACO_PI,0.81,1,False,Am just an ordinary person.,Modesty,,,True
it_101930,HEXACO_PI,0.81,-1,True,Am likely to show off if I get the chance.,Modesty,,,True
it_101931,HEXACO_PI,0.69,-1,True,Am mainly interested in money.,Greed Avoidance,,,True
it_101932,HEXACO_PI,0.81,-1,True,Am more capable than most others.,Modesty,,,True
it_101933,HEXACO_PI,0.84,1,False,Am never at a loss for words.,Expressiveness,,,True
it_101934,HEXACO_PI,0.78,1,False,Am nice to people I should be angry at.,Forgiveness,,,True
it_101935,HEXACO_PI,0.85,-1,True,Am not bothered by disorder.,Organization,,,True
it_101936,HEXACO_PI,0.85,-1,True,Am not easily disturbed by events.,Anxiety,,,True
it_101937,HEXACO_PI,0.69,-1,True,Am out for my own personal gain.,Greed Avoidance,,,True
it_101938,HEXACO_PI,0.81,-1,True,Am quick to judge others.,Gentleness,,,True
it_101939,HEXACO_PI,0.79,-1,True,Am seldom bothered by the apparent suffering of strangers.,Sentimentality,,,True
it_101940,HEXACO_PI,0.79,1,False,Am sensitive to the needs of others.,Sentimentality,,,True
it_101941,HEXACO_PI,0.84,1,False,Am the life of the party.,Expressiveness,,,True
it_101942,HEXACO_PI,0.88,1,False,Am usually a patient person.,Patience,,,True
it_101943,HEXACO_PI,0.82,1,False,Am usually active and full of energy.,Liveliness,,,True
it_101944,HEXACO_PI,0.84,-1,True,Am willing to take risks.,Fearfulness,,,True
it_101945,HEXACO_PI,0.78,-1,True,Avoid difficult reading material.,Inquisitiveness,,,True
it_101946,HEXACO_PI,0.8,1,False,Avoid mistakes.,Prudence,,,True
it_101947,HEXACO_PI,0.81,-1,True,Become frustrated and angry with people when they don't live up to my expectations.,Gentleness,,,True
it_101948,HEXACO_PI,0.84,1,False,Begin to panic when there is danger.,Fearfulness,,,True
it_101949,HEXACO_PI,0.81,-1,True,Believe that I am better than others.,Modesty,,,True
it_101950,HEXACO_PI,0.81,-1,True,Boast about my virtues.,Modesty,,,True
it_101951,HEXACO_PI,0.84,-1,True,Bottle up my feelings.,Expressiveness,,,True
it_101952,HEXACO_PI,0.73,1,False,Can't do without the company of others.,Dependence,,,True
it_101953,HEXACO_PI,0.73,-1,True,Can't stand being contradicted.,Flexibility,,,True
it_101954,HEXACO_PI,0.85,1,False,Carry the conversation to a higher level.,Creativity,,,True
it_101955,HEXACO_PI,0.77,-1,True,Cheat on people who have trusted me.,Fairness,,,True
it_101956,HEXACO_PI,0.77,-1,True,Cheat to get ahead.,Fairness,,,True
it_101957,HEXACO_PI,0.85,1,False,Come up with something new.,Creativity,,,True
it_101958,HEXACO_PI,0.81,1,False,Complete tasks successfully.,Diligence,,,True
it_101959,HEXACO_PI,0.81,1,False,Consider myself an average person.,Modesty,,,True
it_101960,HEXACO_PI,0.81,-1,True,Criticize others' shortcomings.,Gentleness,,,True
it_101961,HEXACO_PI,0.8,1,False,Demand quality.,Perfectionism,,,True
it_101962,HEXACO_PI,0.8,1,False,Detect mistakes.,Perfectionism,,,True
it_101963,HEXACO_PI,0.8,1,False,Dislike imperfect work.,Perfectionism,,,True
it_101964,HEXACO_PI,0.78,-1,True,Distrust people.,Forgiveness,,,True
it_101965,HEXACO_PI,0.81,-1,True,Do just enough work to get by.,Diligence,,,True
it_101966,HEXACO_PI,0.83,-1,True,Do not enjoy watching dance performances.,Aesthetic Appreciation,,,True
it_101967,HEXACO_PI,0.85,-1,True,Do not have a good imagination.,Creativity,,,True
it_101968,HEXACO_PI,0.83,-1,True,Do not like art.,Aesthetic Appreciation,,,True
it_101969,HEXACO_PI,0.83,-1,True,Do not like concerts.,Aesthetic Appreciation,,,True
it_101970,HEXACO_PI,0.8,1,False,Do things according to a plan.,Prudence,,,True
it_101971,HEXACO_PI,0.84,1,False,Do things that others find strange.,Unconventionality,,,True
it_101972,HEXACO_PI,0.8,-1,True,Do things without thinking of the consequences.,Prudence,,,True
it_101973,HEXACO_PI,0.81,-1,True,Do too little work.,Diligence,,,True
it_101974,HEXACO_PI,0.78,-1,True,Don't bother worrying about political and social problems.,Inquisitiveness,,,True
it_101975,HEXACO_PI,0.85,-1,True,Don't finish the things that I start.,Organization,,,True
it_101976,HEXACO_PI,0.78,-1,True,Don't know much about history.,Inquisitiveness,,,True
it_101977,HEXACO_PI,0.8,-1,True,Don't know why I do some of the things I do.,Prudence,,,True
it_101978,HEXACO_PI,0.84,-1,True,Don't like to draw attention to myself.,Expressiveness,,,True
it_101979,HEXACO_PI,0.86,1,False,Don't mind being the center of attention.,Social Boldness,,,True
it_101980,HEXACO_PI,0.81,1,False,Don't pretend to be more than I am.,Sincerity,,,True
it_101981,HEXACO_PI,0.69,1,False,Don't strive for elegance in my appearance.,Greed Avoidance,,,True
it_101982,HEXACO_PI,0.84,-1,True,Don't talk a lot.,Expressiveness,,,True
it_101983,HEXACO_PI,0.81,1,False,Don't think that I'm better than other people.,Modesty,,,True
it_101984,HEXACO_PI,0.85,1,False,Enjoy being part of a group.,Sociability,,,True
it_101985,HEXACO_PI,0.84,-1,True,Enjoy being thought of as a normal mainstream person.,Unconventionality,,,True
it_101986,HEXACO_PI,0.83,1,False,"Enjoy feeling ""close to the earth.""",Aesthetic Appreciation,,,True
it_101987,HEXACO_PI,0.78,1,False,Enjoy intellectual games.,Inquisitiveness,,,True
it_101988,HEXACO_PI,0.84,-1,True,Face danger confidently.,Fearfulness,,,True
it_101989,HEXACO_PI,0.86,1,False,Feel comfortable around people.,Social Boldness,,,True
it_101990,HEXACO_PI,0.82,1,False,Feel healthy and vibrant most of the time.,Liveliness,,,True
it_101991,HEXACO_PI,0.79,1,False,Feel others' emotions.,Sentimentality,,,True
it_101992,HEXACO_PI,0.82,1,False,Feel that I have a lot of inner strength.,Liveliness,,,True
it_101993,HEXACO_PI,0.78,-1,True,Feel that most people can't be trusted.,Forgiveness,,,True
it_101994,HEXACO_PI,0.81,-1,True,Find fault with everything.,Gentleness,,,True
it_101995,HEXACO_PI,0.86,-1,True,Find it difficult to approach others.,Social Boldness,,,True
it_101996,HEXACO_PI,0.78,-1,True,Find it hard to forgive others.,Forgiveness,,,True
it_101997,HEXACO_PI,0.81,-1,True,Find it necessary to please the people who have power.,Sincerity,,,True
it_101998,HEXACO_PI,0.78,1,False,Find political discussions interesting.,Inquisitiveness,,,True
it_101999,HEXACO_PI,0.88,1,False,Find that it takes a lot to make me feel angry at someone.,Patience,,,True
it_102000,HEXACO_PI,0.88,-1,True,Get angry easily.,Patience,,,True
it_102001,HEXACO_PI,0.78,-1,True,Get back at people who insult me.,Forgiveness,,,True
it_102002,HEXACO_PI,0.85,1,False,Get chores done right away.,Organization,,,True
it_102003,HEXACO_PI,0.78,-1,True,Get even with others.,Forgiveness,,,True
it_102004,HEXACO_PI,0.88,-1,True,Get irritated easily.,Patience,,,True
it_102005,HEXACO_PI,0.81,1,False,Get started quickly on doing a job.,Diligence,,,True
it_102006,HEXACO_PI,0.85,1,False,Get upset by unpleasant thoughts that come into my mind.,Anxiety,,,True
it_102007,HEXACO_PI,0.88,-1,True,Get upset easily.,Patience,,,True
it_102008,HEXACO_PI,0.73,-1,True,Get upset if others change the way that I have arranged things.,Flexibility,,,True
it_102009,HEXACO_PI,0.81,-1,True,Hang around doing nothing.,Diligence,,,True
it_102010,HEXACO_PI,0.86,-1,True,Hate being the center of attention.,Social Boldness,,,True
it_102011,HEXACO_PI,0.81,1,False,Have a good word for everyone.,Gentleness,,,True
it_102012,HEXACO_PI,0.82,1,False,Have a lot of fun.,Liveliness,,,True
it_102013,HEXACO_PI,0.78,1,False,Have a rich vocabulary.,Inquisitiveness,,,True
it_102014,HEXACO_PI,0.81,-1,True,Have a sharp tongue.,Gentleness,,,True
it_102015,HEXACO_PI,0.69,-1,True,Have a strong need for power.,Greed Avoidance,,,True
it_102016,HEXACO_PI,0.86,1,False,Have a strong personality.,Social Boldness,,,True
it_102017,HEXACO_PI,0.85,1,False,Have a vivid imagination.,Creativity,,,True
it_102018,HEXACO_PI,0.8,1,False,Have an eye for detail.,Perfectionism,,,True
it_102019,HEXACO_PI,0.84,1,False,"Have an intense, boisterous laugh.",Expressiveness,,,True
it_102020,HEXACO_PI,0.85,-1,True,Have difficulty imagining things.,Creativity,,,True
it_102021,HEXACO_PI,0.85,1,False,Have excellent ideas.,Creativity,,,True
it_102022,HEXACO_PI,0.82,1,False,Have great stamina.,Liveliness,,,True
it_102023,HEXACO_PI,0.86,1,False,Have leadership abilities.,Social Boldness,,,True
it_102024,HEXACO_PI,0.86,-1,True,Have little to say.,Social Boldness,,,True
it_102025,HEXACO_PI,0.83,1,False,Have read the great literary classics.,Aesthetic Appreciation,,,True
it_102026,HEXACO_PI,0.85,-1,True,Have trouble guessing how others will react.,Creativity,,,True
it_102027,HEXACO_PI,0.78,-1,True,Hold a grudge.,Forgiveness,,,True
it_102028,HEXACO_PI,0.79,1,False,Immediately feel sad when hearing of an unhappy event.,Sentimentality,,,True
it_102029,HEXACO_PI,0.8,-1,True,Jump into things without thinking.,Prudence,,,True
it_102030,HEXACO_PI,0.86,-1,True,Keep in the background.,Social Boldness,,,True
it_102031,HEXACO_PI,0.85,-1,True,Keep others at a distance.,Sociability,,,True
it_102032,HEXACO_PI,0.85,1,False,Keep things tidy.,Organization,,,True
it_102033,HEXACO_PI,0.84,1,False,Know that my ideas sometimes surprise people.,Unconventionality,,,True
it_102034,HEXACO_PI,0.82,1,False,Laugh a lot.,Liveliness,,,True
it_102035,HEXACO_PI,0.85,-1,True,Leave a mess in my room.,Organization,,,True
it_102036,HEXACO_PI,0.85,-1,True,Leave my belongings around.,Organization,,,True
it_102037,HEXACO_PI,0.73,1,False,Let myself be influenced by others.,Dependence,,,True
it_102038,HEXACO_PI,0.81,-1,True,Let people push me around to help them feel important.,Sincerity,,,True
it_102039,HEXACO_PI,0.85,1,False,Like order.,Organization,,,True
it_102040,HEXACO_PI,0.81,-1,True,Like to attract attention.,Modesty,,,True
it_102041,HEXACO_PI,0.84,-1,True,Like to be thought of as a normal kind of person.,Unconventionality,,,True
it_102042,HEXACO_PI,0.84,-1,True,Like to be viewed as proper and conventional.,Unconventionality,,,True
it_102043,HEXACO_PI,0.84,-1,True,Like to do frightening things.,Fearfulness,,,True
it_102044,HEXACO_PI,0.85,1,False,Like to tidy up.,Organization,,,True
it_102045,HEXACO_PI,0.88,-1,True,Lose my temper.,Patience,,,True
it_102046,HEXACO_PI,0.84,-1,True,Love dangerous situations.,Fearfulness,,,True
it_102047,HEXACO_PI,0.69,-1,True,Love luxury.,Greed Avoidance,,,True
it_102048,HEXACO_PI,0.78,1,False,Love my enemies.,Forgiveness,,,True
it_102049,HEXACO_PI,0.85,1,False,Love to chat.,Sociability,,,True
it_102050,HEXACO_PI,0.78,1,False,Love to read challenging material.,Inquisitiveness,,,True
it_102051,HEXACO_PI,0.85,1,False,Love to think up new ways of doing things.,Creativity,,,True
it_102052,HEXACO_PI,0.82,1,False,Maintain high energy throughout the day.,Liveliness,,,True
it_102053,HEXACO_PI,0.8,-1,True,Make a fool of myself.,Prudence,,,True
it_102054,HEXACO_PI,0.8,-1,True,Make careless mistakes.,Prudence,,,True
it_102055,HEXACO_PI,0.85,1,False,Make friends easily.,Sociability,,,True
it_102056,HEXACO_PI,0.8,1,False,Make plans and stick to them.,Prudence,,,True
it_102057,HEXACO_PI,0.8,-1,True,Make rash decisions.,Prudence,,,True
it_102058,HEXACO_PI,0.73,1,False,Need protection.,Dependence,,,True
it_102059,HEXACO_PI,0.73,1,False,Need reassurance.,Dependence,,,True
it_102060,HEXACO_PI,0.73,1,False,Need the approval of others.,Dependence,,,True
it_102061,HEXACO_PI,0.82,-1,True,Often feel blue.,Liveliness,,,True
it_102062,HEXACO_PI,0.85,-1,True,Often forget to put things back in their proper place.,Organization,,,True
it_102063,HEXACO_PI,0.73,1,False,Often need help.,Dependence,,,True
it_102064,HEXACO_PI,0.8,1,False,Pay attention to details.,Perfectionism,,,True
it_102065,HEXACO_PI,0.8,-1,True,Pay too little attention to details.,Perfectionism,,,True
it_102066,HEXACO_PI,0.81,-1,True,Play a role in order to impress people.,Sincerity,,,True
it_102067,HEXACO_PI,0.69,-1,True,Prefer to eat at expensive restaurants.,Greed Avoidance,,,True
it_102068,HEXACO_PI,0.8,-1,True,Prefer to just let things happen.,Perfectionism,,,True
it_102069,HEXACO_PI,0.81,-1,True,Pretend to be concerned for others.,Sincerity,,,True
it_102070,HEXACO_PI,0.81,1,False,Push myself very hard to succeed.,Diligence,,,True
it_102071,HEXACO_PI,0.81,-1,True,Put on a show to impress people.,Sincerity,,,True
it_102072,HEXACO_PI,0.81,-1,True,Quickly lose interest in the tasks I start.,Diligence,,,True
it_102073,HEXACO_PI,0.81,1,False,Rarely complain.,Gentleness,,,True
it_102074,HEXACO_PI,0.79,-1,True,Rarely cry during sad movies.,Sentimentality,,,True
it_102075,HEXACO_PI,0.85,-1,True,Rarely enjoy being with people.,Sociability,,,True
it_102076,HEXACO_PI,0.88,1,False,Rarely feel angry with people.,Patience,,,True
it_102077,HEXACO_PI,0.88,1,False,Rarely get irritated.,Patience,,,True
it_102078,HEXACO_PI,0.73,-1,True,React strongly to criticism.,Flexibility,,,True
it_102079,HEXACO_PI,0.84,1,False,Rebel against authority.,Unconventionality,,,True
it_102080,HEXACO_PI,0.85,-1,True,Remain calm under pressure.,Anxiety,,,True
it_102081,HEXACO_PI,0.77,1,False,Return extra change when a cashier makes a mistake.,Fairness,,,True
it_102082,HEXACO_PI,0.84,-1,True,Say little.,Expressiveness,,,True
it_102083,HEXACO_PI,0.81,1,False,See myself as an average person.,Modesty,,,True
it_102084,HEXACO_PI,0.69,-1,True,Seek status.,Greed Avoidance,,,True
it_102085,HEXACO_PI,0.73,1,False,Seek support.,Dependence,,,True
it_102086,HEXACO_PI,0.85,-1,True,Seem to derive less enjoyment from interacting with people than others do.,Sociability,,,True
it_102087,HEXACO_PI,0.85,-1,True,Seldom experience sudden intuitive insights.,Creativity,,,True
it_102088,HEXACO_PI,0.79,-1,True,Seldom feel weepy while reading the sad part of a story.,Sentimentality,,,True
it_102089,HEXACO_PI,0.79,-1,True,Seldom get emotional.,Sentimentality,,,True
it_102090,HEXACO_PI,0.88,1,False,Seldom get mad.,Patience,,,True
it_102091,HEXACO_PI,0.73,1,False,Show my sadness.,Dependence,,,True
it_102092,HEXACO_PI,0.82,1,False,Smile a lot.,Liveliness,,,True
it_102093,HEXACO_PI,0.81,-1,True,Speak ill of others.,Gentleness,,,True
it_102094,HEXACO_PI,0.84,-1,True,Speak softly.,Expressiveness,,,True
it_102095,HEXACO_PI,0.77,-1,True,Steal things.,Fairness,,,True
it_102096,HEXACO_PI,0.81,-1,True,Stop when work becomes too difficult.,Diligence,,,True
it_102097,HEXACO_PI,0.73,1,False,Suspect that my facial expressions give me away when I feel sad.,Dependence,,,True
it_102098,HEXACO_PI,0.84,1,False,Swim against the current.,Unconventionality,,,True
it_102099,HEXACO_PI,0.81,-1,True,Switch my loyalties when I feel like it.,Sincerity,,,True
it_102100,HEXACO_PI,0.81,1,False,Take things as they come.,Gentleness,,,True
it_102101,HEXACO_PI,0.84,1,False,Talk a lot.,Expressiveness,,,True
it_102102,HEXACO_PI,0.81,-1,True,Tell other people what they want to hear so that they will do what I want them to do.,Sincerity,,,True
it_102103,HEXACO_PI,0.84,1,False,Tell people about it when I'm irritated.,Expressiveness,,,True
it_102104,HEXACO_PI,0.82,-1,True,Tire out quickly.,Liveliness,,,True
it_102105,HEXACO_PI,0.84,1,False,Tremble in dangerous situations.,Fearfulness,,,True
it_102106,HEXACO_PI,0.84,-1,True,Try to avoid complex people.,Unconventionality,,,True
it_102107,HEXACO_PI,0.77,1,False,Try to follow the rules.,Fairness,,,True
it_102108,HEXACO_PI,0.78,1,False,Try to forgive and forget.,Forgiveness,,,True
it_102109,HEXACO_PI,0.69,-1,True,Try to impress others.,Greed Avoidance,,,True
it_102110,HEXACO_PI,0.81,-1,True,Use flattery to get ahead.,Sincerity,,,True
it_102111,HEXACO_PI,0.85,1,False,Usually like to spend my free time with people.,Sociability,,,True
it_102112,HEXACO_PI,0.8,1,False,Want everything to add up perfectly.,Perfectionism,,,True
it_102113,HEXACO_PI,0.85,1,False,Want everything to be just right.,Organization,,,True
it_102114,HEXACO_PI,0.73,1,False,Want to be liked.,Dependence,,,True
it_102115,HEXACO_PI,0.73,-1,True,"When interacting with a group of people, am often bothered by at least one of them.",Flexibility,,,True
it_102116,HEXACO_PI,0.78,-1,True,Will not probe deeply into a subject.,Inquisitiveness,,,True
it_102117,HEXACO_PI,0.69,-1,True,Wish to stay young forever.,Greed Avoidance,,,True
it_102118,HEXACO_PI,0.81,1,False,Work hard.,Diligence,,,True
it_102119,HEXACO_PI,0.86,-1,True,Would be afraid to give a speech in public.,Social Boldness,,,True
it_102120,HEXACO_PI,0.84,-1,True,Would be good at rescuing people from a burning building.,Fearfulness,,,True
it_102121,HEXACO_PI,0.84,1,False,Would fear walking in a high-crime part of a city.,Fearfulness,,,True
it_102122,HEXACO_PI,0.77,1,False,Would feel very badly for a long time if I were to steal from someone.,Fairness,,,True
it_102123,HEXACO_PI,0.84,-1,True,Would hate to be considered odd or strange.,Unconventionality,,,True
it_102124,HEXACO_PI,0.81,-1,True,Would like to have more power than other people.,Modesty,,,True
it_102125,HEXACO_PI,0.78,1,False,Would love to explore strange places.,Inquisitiveness,,,True
it_102126,HEXACO_PI,0.77,1,False,Would never cheat on my taxes.,Fairness,,,True
it_102127,HEXACO_PI,0.84,1,False,Would never go riding down a stretch of rapids in a canoe.,Fearfulness,,,True
it_102128,HEXACO_PI,0.77,1,False,Would never take things that aren't mine.,Fairness,,,True
it_102129,HEXACO_PI,0.85,-1,True,Would not enjoy a job that involves a lot of social interaction.,Sociability,,,True
it_102130,HEXACO_PI,0.69,1,False,Would not enjoy being a famous celebrity.,Greed Avoidance,,,True
it_102131,HEXACO_PI,0.77,-1,True,Would not regret my behavior if I were to take advantage of someone impulsively.,Fairness,,,True
it_102132,Hoyle2002,0.84,1,False,Act wild and crazy.,Risk-taking/Sensation-Seeking/Thrill-Seeking,,,True
it_102133,Hoyle2002,0.78,-1,True,Am a physical coward.,Risk-taking/Sensation-Seeking/Thrill-Seeking,,,True
it_102134,Hoyle2002,0.78,-1,True,Am afraid of heights.,Risk-taking/Sensation-Seeking/Thrill-Seeking,,,True
it_102135,Hoyle2002,0.78,-1,True,Am afraid of large dogs.,Risk-taking/Sensation-Seeking/Thrill-Seeking,,,True
it_102136,Hoyle2002,0.84,1,False,Am easily talked into doing silly things.,Risk-taking/Sensation-Seeking/Thrill-Seeking,,,True
it_102137,Hoyle2002,0.78,1,False,Am open to new experiences.,Risk-taking/Sensation-Seeking/Thrill-Seeking,,,True
it_102138,Hoyle2002,0.84,1,False,"Am unpredictable, people never know what I am going to say.",Risk-taking/Sensation-Seeking/Thrill-Seeking,,,True
it_102139,Hoyle2002,0.78,1,False,Am willing to take risks.,Risk-taking/Sensation-Seeking/Thrill-Seeking,,,True
it_102140,Hoyle2002,0.84,1,False,Do unexpected things.,Risk-taking/Sensation-Seeking/Thrill-Seeking,,,True
it_102141,Hoyle2002,0.84,1,False,Enjoy wild flights of fantasy.,Risk-taking/Sensation-Seeking/Thrill-Seeking,,,True
it_102142,Hoyle2002,0.78,1,False,Face danger confidently.,Risk-taking/Sensation-Seeking/Thrill-Seeking,,,True
it_102143,Hoyle2002,0.86,1,False,Might actually enjoy being caught in an earthquake or tornado.,Risk-taking/Sensation-Seeking/Thrill-Seeking,,,True
it_102144,Hoyle2002,0.86,1,False,Might enjoy a free fall from an airplane.,Risk-taking/Sensation-Seeking/Thrill-Seeking,,,True
it_102145,Hoyle2002,0.86,1,False,Might enjoy the thrill of being lost at sea.,Risk-taking/Sensation-Seeking/Thrill-Seeking,,,True
it_102146,Hoyle2002,0.86,1,False,Prefer fear to boredom.,Risk-taking/Sensation-Seeking/Thrill-Seeking,,,True
it_102147,Hoyle2002,0.84,1,False,Seek adventure.,Risk-taking/Sensation-Seeking/Thrill-Seeking,,,True
it_102148,Hoyle2002,0.84,1,False,Take risks.,Risk-taking/Sensation-Seeking/Thrill-Seeking,,,True
it_102149,Hoyle2002,0.78,-1,True,Try to stay inside when the weather is bad.,Risk-taking/Sensation-Seeking/Thrill-Seeking,,,True
it_102150,Hoyle2002,0.78,1,False,Would be good at rescuing people from a burning building.,Risk-taking/Sensation-Seeking/Thrill-Seeking,,,True
it_102151,Hoyle2002,0.86,1,False,Would enjoy being out on a sailboat during a storm.,Risk-taking/Sensation-Seeking/Thrill-Seeking,,,True
it_102152,Hoyle2002,0.86,-1,True,Would fear walking in a high-crime part of a city.,Risk-taking/Sensation-Seeking/Thrill-Seeking,,,True
it_102153,Hoyle2002,0.86,1,False,Would like to try bungee jumping.,Risk-taking/Sensation-Seeking/Thrill-Seeking,,,True
it_102154,Hoyle2002,0.78,1,False,Would love to explore strange places.,Risk-taking/Sensation-Seeking/Thrill-Seeking,,,True
it_102155,Hoyle2002,0.78,-1,True,Would never go riding down a stretch of rapids in a canoe.,Risk-taking/Sensation-Seeking/Thrill-Seeking,,,True
it_102156,HPI,0.8,1,False,Accomplish a lot of work.,Competence,,,True
it_102157,HPI,0.76,-1,True,Act wild and crazy.,Cooperation,,,True
it_102158,HPI,0.77,-1,True,Am afraid that I will do the wrong thing.,Toughness,,,True
it_102159,HPI,0.82,-1,True,Am easily discouraged.,Leadership,,,True
it_102160,HPI,0.82,-1,True,Am easily intimidated.,Leadership,,,True
it_102161,HPI,0.76,1,False,Am easy to satisfy.,Calmness,,,True
it_102162,HPI,0.86,1,False,Am interested in people.,Friendliness,,,True
it_102163,HPI,0.86,1,False,Am not easily annoyed.,Stability,,,True
it_102164,HPI,0.77,1,False,Am not embarrassed easily.,Toughness,,,True
it_102165,HPI,0.83,-1,True,Am not interested in abstract ideas.,Creativity/Originality,,,True
it_102166,HPI,0.86,-1,True,Am not really interested in others.,Friendliness,,,True
it_102167,HPI,0.8,-1,True,Am not sure where my life is going.,Competence,,,True
it_102168,HPI,0.86,-1,True,Am often in a bad mood.,Stability,,,True
it_102169,HPI,0.76,1,False,Am on good terms with nearly everyone.,Calmness,,,True
it_102170,HPI,0.76,-1,True,Am quick to judge others.,Calmness,,,True
it_102171,HPI,0.86,1,False,Am relaxed most of the time.,Stability,,,True
it_102172,HPI,0.87,1,False,Am very pleased with myself.,Happiness,,,True
it_102173,HPI,0.75,1,False,Amuse my friends.,Sociability,,,True
it_102174,HPI,0.77,1,False,Automatically take charge.,Toughness,,,True
it_102175,HPI,0.83,-1,True,Avoid difficult reading material.,Creativity/Originality,,,True
it_102176,HPI,0.76,-1,True,Break rules.,Cooperation,,,True
it_102177,HPI,0.8,1,False,Carry out my plans.,Competence,,,True
it_102178,HPI,0.86,1,False,Cheer people up.,Friendliness,,,True
it_102179,HPI,0.8,1,False,Complete tasks successfully.,Competence,,,True
it_102180,HPI,0.86,-1,True,Dislike being the center of attention.,Gregariousness,,,True
it_102181,HPI,0.75,-1,True,Dislike loud music.,Sociability,,,True
it_102182,HPI,0.78,-1,True,Do crazy things.,Dutifulness,,,True
it_102183,HPI,0.8,-1,True,Do just enough work to get by.,Competence,,,True
it_102184,HPI,0.78,-1,True,Do things that others find strange.,Dutifulness,,,True
it_102185,HPI,0.78,-1,True,Do unexpected things.,Dutifulness,,,True
it_102186,HPI,0.86,1,False,Don't mind being the center of attention.,Gregariousness,,,True
it_102187,HPI,0.78,-1,True,Enjoy being reckless.,Dutifulness,,,True
it_102188,HPI,0.76,-1,True,Enjoy wild flights of fantasy.,Cooperation,,,True
it_102189,HPI,0.86,1,False,Feel at ease with people.,Friendliness,,,True
it_102190,HPI,0.87,-1,True,Feel desperate.,Happiness,,,True
it_102191,HPI,0.77,-1,True,Feel that I'm unable to deal with things.,Toughness,,,True
it_102192,HPI,0.8,-1,True,Feel that my life lacks direction.,Competence,,,True
it_102193,HPI,0.76,-1,True,Feel that people have a hard time understanding me.,Cooperation,,,True
it_102194,HPI,0.77,-1,True,Feel threatened easily.,Toughness,,,True
it_102195,HPI,0.82,-1,True,Find it difficult to approach others.,Leadership,,,True
it_102196,HPI,0.8,1,False,Get things done quickly.,Competence,,,True
it_102197,HPI,0.8,-1,True,Hang around doing nothing.,Competence,,,True
it_102198,HPI,0.82,-1,True,Have a low opinion of myself.,Leadership,,,True
it_102199,HPI,0.82,-1,True,Have a poor vocabulary.,Quickness,,,True
it_102200,HPI,0.82,1,False,Have a rich vocabulary.,Quickness,,,True
it_102201,HPI,0.76,-1,True,Have a sharp tongue.,Calmness,,,True
it_102202,HPI,0.86,-1,True,Have days when I'm mad at the world.,Stability,,,True
it_102203,HPI,0.86,-1,True,Have frequent mood swings.,Stability,,,True
it_102204,HPI,0.86,-1,True,Have little to say.,Gregariousness,,,True
it_102205,HPI,0.76,-1,True,Hold a grudge.,Calmness,,,True
it_102206,HPI,0.83,1,False,Know how things work.,Creativity/Originality,,,True
it_102207,HPI,0.86,1,False,Know how to captivate people.,Gregariousness,,,True
it_102208,HPI,0.75,1,False,Like to amuse others.,Sociability,,,True
it_102209,HPI,0.75,1,False,Like to attract attention.,Sociability,,,True
it_102210,HPI,0.82,1,False,Like to read.,Quickness,,,True
it_102211,HPI,0.76,-1,True,Look for hidden meanings in things.,Cooperation,,,True
it_102212,HPI,0.75,1,False,Love action.,Sociability,,,True
it_102213,HPI,0.75,1,False,Love large parties.,Sociability,,,True
it_102214,HPI,0.83,1,False,Love to read challenging material.,Creativity/Originality,,,True
it_102215,HPI,0.75,1,False,Make myself the center of attention.,Sociability,,,True
it_102216,HPI,0.8,-1,True,Mess things up.,Competence,,,True
it_102217,HPI,0.87,-1,True,Often feel blue,Happiness,,,True
it_102218,HPI,0.77,-1,True,Often feel uncomfortable around others.,Toughness,,,True
it_102219,HPI,0.76,-1,True,Oppose authority.,Cooperation,,,True
it_102220,HPI,0.82,1,False,Quick to understand things.,Quickness,,,True
it_102221,HPI,0.77,1,False,Quickly recognize possibilities.,Toughness,,,True
it_102222,HPI,0.86,1,False,Rarely get irritated.,Stability,,,True
it_102223,HPI,0.76,1,False,Rarely overindulge.,Cooperation,,,True
it_102224,HPI,0.82,1,False,Read quickly.,Quickness,,,True
it_102225,HPI,0.82,-1,True,Read slowly.,Quickness,,,True
it_102226,HPI,0.87,1,False,Readily overcome setbacks.,Happiness,,,True
it_102227,HPI,0.77,1,False,Remain calm under pressure.,Toughness,,,True
it_102228,HPI,0.76,-1,True,Resist authority.,Cooperation,,,True
it_102229,HPI,0.75,1,False,Seek adventure.,Sociability,,,True
it_102230,HPI,0.76,1,False,Seldom take offense.,Calmness,,,True
it_102231,HPI,0.82,-1,True,Skip difficult words while reading.,Quickness,,,True
it_102232,HPI,0.76,-1,True,Speak ill of others.,Calmness,,,True
it_102233,HPI,0.76,-1,True,Suspect hidden motives in others.,Cooperation,,,True
it_102234,HPI,0.76,-1,True,Swim against the current.,Cooperation,,,True
it_102235,HPI,0.82,1,False,Take the initiative.,Leadership,,,True
it_102236,HPI,0.82,1,False,Think highly of myself.,Leadership,,,True
it_102237,HPI,0.83,-1,True,Try to avoid complex people.,Creativity/Originality,,,True
it_102238,HPI,0.77,1,False,Want to be in charge.,Toughness,,,True
it_102239,HPI,0.86,-1,True,Want to be left alone.,Friendliness,,,True
it_102240,HPI,0.86,-1,True,Would describe my experiences as somewhat dull.,Gregariousness,,,True
it_102241,HPI-HIC,0.75,1,False,Accept apologies easily.,Forgiveness/Mercy,,,True
it_102242,HPI-HIC,0.7,1,False,Accept challenging tasks.,Achievement-striving,,,True
it_102243,HPI-HIC,0.66,1,False,Accept people as they are.,Forgiveness/Mercy,,,True
it_102244,HPI-HIC,0.61,-1,True,Act at the expense of others.,Sensitivity,,,True
it_102245,HPI-HIC,0.68,-1,True,Am afraid of many things.,Toughness,,,True
it_102246,HPI-HIC,0.74,-1,True,Am afraid to draw attention to myself.,Social-confidence,,,True
it_102247,HPI-HIC,0.7,1,False,Am always prepared.,Self-discipline,,,True
it_102248,HPI-HIC,0.74,-1,True,Am apprehensive about new encounters.,Social-confidence,,,True
it_102249,HPI-HIC,0.75,1,False,Am calm even in tense situations.,Calmness,,,True
it_102250,HPI-HIC,0.61,1,False,Am deeply moved by others' misfortunes.,Sensitivity,,,True
it_102251,HPI-HIC,0.8,-1,True,Am easily discouraged.,Vitality/Enthusiasm/Zest,,,True
it_102252,HPI-HIC,0.5,-1,True,Am easily distracted.,Interest in Game-Playing,,,True
it_102253,HPI-HIC,0.74,-1,True,Am easily intimidated.,Self-confidence,,,True
it_102254,HPI-HIC,0.64,1,False,Am easily talked into doing silly things,Sociability,,,True
it_102255,HPI-HIC,0.61,-1,True,Am easily talked into doing silly things.,Orderliness,,,True
it_102256,HPI-HIC,0.7,1,False,Am good at many things.,Achievement-striving,,,True
it_102257,HPI-HIC,0.79,1,False,Am not easily annoyed.,Empathy,,,True
it_102258,HPI-HIC,0.79,1,False,Am not easily bothered by things.,Calmness,,,True
it_102259,HPI-HIC,0.74,1,False,Am not embarrassed easily.,Social-confidence,,,True
it_102260,HPI-HIC,0.7,-1,True,Am not highly motivated to succeed.,Achievement-striving,,,True
it_102261,HPI-HIC,0.75,-1,True,Am not interested in other people's problems.,Empathy,,,True
it_102262,HPI-HIC,0.8,-1,True,Am not sure where my life is going.,Vitality/Enthusiasm/Zest,,,True
it_102263,HPI-HIC,0.7,-1,True,Am often in a bad mood.,Pleasantness,,,True
it_102264,HPI-HIC,0.66,1,False,Am on good terms with nearly everyone.,Forgiveness/Mercy,,,True
it_102265,HPI-HIC,0.68,1,False,Am preoccupied with myself.,Rumination,,,True
it_102266,HPI-HIC,0.74,1,False,Am skilled in handling social situations.,Social-confidence,,,True
it_102267,HPI-HIC,0.74,1,False,Am sure of my ground.,Self-confidence,,,True
it_102268,HPI-HIC,0.84,1,False,Amuse my friends.,Humor/Playfulness,,,True
it_102269,HPI-HIC,0.68,-1,True,Avoid crowds.,Gregariousness,,,True
it_102270,HPI-HIC,0.8,-1,True,Avoid difficult reading material.,Love of Reading,,,True
it_102271,HPI-HIC,0.68,1,False,Believe appearances are important.,Appearance-Consciousness,,,True
it_102272,HPI-HIC,0.74,1,False,Believe in human goodness.,Trust,,,True
it_102273,HPI-HIC,0.74,-1,True,Believe that people are essentially evil,Trust,,,True
it_102274,HPI-HIC,0.8,1,False,Can handle a lot of information.,Language Mastery,,,True
it_102275,HPI-HIC,0.66,1,False,Can perform a wide variety of tasks.,Curiosity,,,True
it_102276,HPI-HIC,0.81,1,False,Can talk others into doing things.,Leadership,,,True
it_102277,HPI-HIC,0.44,1,False,Can work under pressure.,Problem-solving,,,True
it_102278,HPI-HIC,0.64,1,False,Cheer loudly at sporting events.,Sociability,,,True
it_102279,HPI-HIC,0.72,1,False,Continue until everything is perfect.,Organization,,,True
it_102280,HPI-HIC,0.83,-1,True,Dislike being the center of attention.,Exhibitionism,,,True
it_102281,HPI-HIC,0.6,-1,True,Dislike learning.,Problem-solving,,,True
it_102282,HPI-HIC,0.6,-1,True,Dislike learning.,Curiosity,,,True
it_102283,HPI-HIC,0.71,-1,True,Dislike myself.,Self-acceptance,,,True
it_102284,HPI-HIC,0.66,-1,True,Dislike new foods.,Variety-seeking,,,True
it_102285,HPI-HIC,0.83,-1,True,Dislike talking about myself.,Exhibitionism,,,True
it_102286,HPI-HIC,0.44,-1,True,Disliked math in school.,Problem-solving,,,True
it_102287,HPI-HIC,0.5,-1,True,Disliked math in school.,Interest in Game-Playing,,,True
it_102288,HPI-HIC,0.74,-1,True,Distrust people.,Trust,,,True
it_102289,HPI-HIC,0.7,-1,True,Do crazy things.,Impulse-Control,,,True
it_102290,HPI-HIC,0.72,1,False,Do dangerous things.,Risk-taking/Sensation-Seeking/Thrill-Seeking,,,True
it_102291,HPI-HIC,0.77,-1,True,Do not enjoy going to art museums.,Aesthetic Appreciation/Artistic Interests,,,True
it_102292,HPI-HIC,0.7,1,False,Do things by the book.,Impulse-Control,,,True
it_102293,HPI-HIC,0.71,-1,True,Do things I later regret.,Self-acceptance,,,True
it_102294,HPI-HIC,0.44,1,False,Do things in a logical order.,Problem-solving,,,True
it_102295,HPI-HIC,0.55,-1,True,Do things that others find strange.,Security,,,True
it_102296,HPI-HIC,0.61,-1,True,Do unexpected things.,Orderliness,,,True
it_102297,HPI-HIC,0.7,1,False,Do unpleasant tasks immediately.,Self-discipline,,,True
it_102298,HPI-HIC,0.68,-1,True,Don't care about dressing nicely.,Appearance-Consciousness,,,True
it_102299,HPI-HIC,0.66,1,False,Don't care what others think.,Conformity/Dependence/Need for approval,,,True
it_102300,HPI-HIC,0.66,1,False,Don't care what people think of me.,Conformity/Dependence/Need for approval,,,True
it_102301,HPI-HIC,0.71,-1,True,Don't know why I do some of the things I do.,Self-acceptance,,,True
it_102302,HPI-HIC,0.5,-1,True,Don't like action movies.,Interest in Game-Playing,,,True
it_102303,HPI-HIC,0.66,-1,True,Don't like the idea of change.,Variety-seeking,,,True
it_102304,HPI-HIC,0.68,-1,True,Don't like to get dressed up.,Gregariousness,,,True
it_102305,HPI-HIC,0.5,-1,True,Don't pay attention.,Interest in Game-Playing,,,True
it_102306,HPI-HIC,0.79,1,False,Don't worry about things that have already happened.,Calmness,,,True
it_102307,HPI-HIC,0.68,1,False,Dwell on the past.,Rumination,,,True
it_102308,HPI-HIC,0.7,-1,True,Enjoy being reckless.,Impulse-Control,,,True
it_102309,HPI-HIC,0.5,1,False,Enjoy cartoons.,Interest in Game-Playing,,,True
it_102310,HPI-HIC,0.78,1,False,Enjoy examining myself and my life.,Introspection/Private Self-Consciousness,,,True
it_102311,HPI-HIC,0.44,1,False,Enjoy games of strategy.,Problem-solving,,,True
it_102312,HPI-HIC,0.5,1,False,Enjoy games of strategy.,Interest in Game-Playing,,,True
it_102313,HPI-HIC,0.71,1,False,Enjoy my work.,Self-acceptance,,,True
it_102314,HPI-HIC,0.61,-1,True,Enjoy wild flights of fantasy.,Orderliness,,,True
it_102315,HPI-HIC,0.55,-1,True,Experience my emotions intensely.,Security,,,True
it_102316,HPI-HIC,0.74,1,False,Express myself easily.,Social-confidence,,,True
it_102317,HPI-HIC,0.71,1,False,Feel comfortable with myself.,Self-acceptance,,,True
it_102318,HPI-HIC,0.68,1,False,Feel crushed by setbacks.,Rumination,,,True
it_102319,HPI-HIC,0.8,-1,True,Feel desperate.,Vitality/Enthusiasm/Zest,,,True
it_102320,HPI-HIC,0.68,-1,True,Feel desperate.,Toughness,,,True
it_102321,HPI-HIC,0.71,1,False,Feel lucky most of the time.,Self-acceptance,,,True
it_102322,HPI-HIC,0.75,1,False,Feel others' emotions.,Empathy,,,True
it_102323,HPI-HIC,0.8,-1,True,Feel short-changed in life.,Vitality/Enthusiasm/Zest,,,True
it_102324,HPI-HIC,0.68,-1,True,Feel short-changed in life.,Toughness,,,True
it_102325,HPI-HIC,0.55,-1,True,Feel short-changed in life.,Security,,,True
it_102326,HPI-HIC,0.8,-1,True,Feel that I'm unable to deal with things.,Vitality/Enthusiasm/Zest,,,True
it_102327,HPI-HIC,0.8,-1,True,Feel that my life lacks direction.,Vitality/Enthusiasm/Zest,,,True
it_102328,HPI-HIC,0.64,-1,True,Feel that people have a hard time understanding me.,Dutifulness,,,True
it_102329,HPI-HIC,0.74,-1,True,Feel threatened easily.,Self-confidence,,,True
it_102330,HPI-HIC,0.7,1,False,Feel up to any task.,Achievement-striving,,,True
it_102331,HPI-HIC,0.74,-1,True,Find it difficult to approach others.,Social-confidence,,,True
it_102332,HPI-HIC,0.68,-1,True,Frequently drop things.,Toughness,,,True
it_102333,HPI-HIC,0.81,-1,True,Get angry easily.,Cool-headedness,,,True
it_102334,HPI-HIC,0.79,-1,True,Get annoyed with others' behaviors.,Empathy,,,True
it_102335,HPI-HIC,0.75,-1,True,Get back at others.,Forgiveness/Mercy,,,True
it_102336,HPI-HIC,0.79,-1,True,Get caught up in my problems.,Calmness,,,True
it_102337,HPI-HIC,0.7,-1,True,Get furious.,Pleasantness,,,True
it_102338,HPI-HIC,0.79,-1,True,Get irritated easily.,Empathy,,,True
it_102339,HPI-HIC,0.75,-1,True,Get overwhelmed by emotions.,Calmness,,,True
it_102340,HPI-HIC,0.79,-1,True,Get stressed out easily.,Calmness,,,True
it_102341,HPI-HIC,0.79,-1,True,Grumble about things.,Empathy,,,True
it_102342,HPI-HIC,0.66,1,False,Have a good word for everyone.,Forgiveness/Mercy,,,True
it_102343,HPI-HIC,0.74,-1,True,Have a low opinion of myself.,Self-confidence,,,True
it_102344,HPI-HIC,0.8,-1,True,Have a poor vocabulary.,Language Mastery,,,True
it_102345,HPI-HIC,0.8,1,False,Have a rich vocabulary.,Language Mastery,,,True
it_102346,HPI-HIC,0.7,-1,True,Have a sharp tongue.,Pleasantness,,,True
it_102347,HPI-HIC,0.6,1,False,Have an eye for detail.,Problem-solving,,,True
it_102348,HPI-HIC,0.6,1,False,Have an eye for detail.,Curiosity,,,True
it_102349,HPI-HIC,0.55,-1,True,Have days when I'm mad at the world.,Security,,,True
it_102350,HPI-HIC,0.64,-1,True,Have days when I'm mad at the world.,Dutifulness,,,True
it_102351,HPI-HIC,0.81,-1,True,Have frequent mood swings.,Happiness,,,True
it_102352,HPI-HIC,0.8,1,False,Have read a lot.,Love of Reading,,,True
it_102353,HPI-HIC,0.66,-1,True,Hurt people.,Forgiveness/Mercy,,,True
it_102354,HPI-HIC,0.44,-1,True,Inquire about others' well-being.,Problem-solving,,,True
it_102355,HPI-HIC,0.84,1,False,Joke around a lot.,Humor/Playfulness,,,True
it_102356,HPI-HIC,0.75,1,False,Keep a cool head.,Calmness,,,True
it_102357,HPI-HIC,0.81,1,False,Keep my cool.,Cool-headedness,,,True
it_102358,HPI-HIC,0.68,1,False,Keep myself well-groomed.,Appearance-Consciousness,,,True
it_102359,HPI-HIC,0.66,1,False,Know how things work.,Curiosity,,,True
it_102360,HPI-HIC,0.75,1,False,Know how to comfort others.,Empathy,,,True
it_102361,HPI-HIC,0.74,1,False,Know immediately what to do.,Self-confidence,,,True
it_102362,HPI-HIC,0.77,1,False,Like music.,Aesthetic Appreciation/Artistic Interests,,,True
it_102363,HPI-HIC,0.7,-1,True,Like to act on a whim.,Impulse-Control,,,True
it_102364,HPI-HIC,0.84,1,False,Like to amuse others.,Humor/Playfulness,,,True
it_102365,HPI-HIC,0.66,1,False,Like to know how things work.,Curiosity,,,True
it_102366,HPI-HIC,0.8,1,False,Like to read.,Love of Reading,,,True
it_102367,HPI-HIC,0.6,1,False,Like to solve complex problems.,Problem-solving,,,True
it_102368,HPI-HIC,0.6,1,False,Like to solve complex problems.,Curiosity,,,True
it_102369,HPI-HIC,0.61,-1,True,Like variety.,Orderliness,,,True
it_102370,HPI-HIC,0.78,1,False,Look for hidden meanings in things.,Introspection/Private Self-Consciousness,,,True
it_102371,HPI-HIC,0.81,-1,True,Lose my temper.,Cool-headedness,,,True
it_102372,HPI-HIC,0.72,1,False,Love excitement.,Risk-taking/Sensation-Seeking/Thrill-Seeking,,,True
it_102373,HPI-HIC,0.72,1,False,Love order and regularity.,Organization,,,True
it_102374,HPI-HIC,0.68,1,False,Love surprise parties.,Gregariousness,,,True
it_102375,HPI-HIC,0.64,-1,True,Love to come up with objections.,Dutifulness,,,True
it_102376,HPI-HIC,0.66,1,False,Love to read challenging material.,Curiosity,,,True
it_102377,HPI-HIC,0.66,1,False,Love to think up new ways of doing things.,Curiosity,,,True
it_102378,HPI-HIC,0.84,1,False,Make jokes.,Humor/Playfulness,,,True
it_102379,HPI-HIC,0.83,1,False,Make myself the center of attention.,Exhibitionism,,,True
it_102380,HPI-HIC,0.75,1,False,Make others feel good.,Empathy,,,True
it_102381,HPI-HIC,0.55,-1,True,Need a creative outlet.,Security,,,True
it_102382,HPI-HIC,0.7,1,False,Never splurge.,Impulse-Control,,,True
it_102383,HPI-HIC,0.61,-1,True,Obstruct others' plans.,Sensitivity,,,True
it_102384,HPI-HIC,0.68,-1,True,Often eat too much.,Toughness,,,True
it_102385,HPI-HIC,0.68,1,False,Often express doubts.,Rumination,,,True
it_102386,HPI-HIC,0.75,-1,True,Panic easily.,Calmness,,,True
it_102387,HPI-HIC,0.68,-1,True,Pay no attention to my appearance.,Appearance-Consciousness,,,True
it_102388,HPI-HIC,0.64,1,False,Prefer going to movies to watching videos at home.,Sociability,,,True
it_102389,HPI-HIC,0.66,1,False,Prefer variety to routine.,Variety-seeking,,,True
it_102390,HPI-HIC,0.7,-1,True,Put off unpleasant tasks.,Self-discipline,,,True
it_102391,HPI-HIC,0.75,1,False,Quickly forget disagreements.,Forgiveness/Mercy,,,True
it_102392,HPI-HIC,0.79,1,False,Rarely complain.,Empathy,,,True
it_102393,HPI-HIC,0.79,1,False,Rarely get irritated.,Empathy,,,True
it_102394,HPI-HIC,0.55,1,False,Rarely overindulge.,Security,,,True
it_102395,HPI-HIC,0.8,1,False,Read quickly.,Love of Reading,,,True
it_102396,HPI-HIC,0.79,1,False,Read quickly.,Intellect,,,True
it_102397,HPI-HIC,0.8,-1,True,Read slowly.,Love of Reading,,,True
it_102398,HPI-HIC,0.79,-1,True,Read slowly.,Intellect,,,True
it_102399,HPI-HIC,0.44,-1,True,Reassure others.,Problem-solving,,,True
it_102400,HPI-HIC,0.75,1,False,Remain calm under pressure.,Calmness,,,True
it_102401,HPI-HIC,0.66,1,False,Seek adventure.,Variety-seeking,,,True
it_102402,HPI-HIC,0.64,-1,True,Seek danger.,Dutifulness,,,True
it_102403,HPI-HIC,0.66,1,False,Seek explanations of things.,Curiosity,,,True
it_102404,HPI-HIC,0.81,1,False,Seldom get mad.,Cool-headedness,,,True
it_102405,HPI-HIC,0.84,-1,True,Seldom joke around.,Humor/Playfulness,,,True
it_102406,HPI-HIC,0.5,-1,True,Seldom read the comics.,Interest in Game-Playing,,,True
it_102407,HPI-HIC,0.7,-1,True,Shoot my mouth off.,Pleasantness,,,True
it_102408,HPI-HIC,0.8,1,False,Show a mastery of language.,Language Mastery,,,True
it_102409,HPI-HIC,0.61,1,False,Show my gratitude.,Sensitivity,,,True
it_102410,HPI-HIC,0.81,-1,True,Snap at people.,Cool-headedness,,,True
it_102411,HPI-HIC,0.7,-1,True,Speak ill of others.,Pleasantness,,,True
it_102412,HPI-HIC,0.8,1,False,Spend a lot of time reading.,Love of Reading,,,True
it_102413,HPI-HIC,0.68,1,False,Spend time thinking about past mistakes.,Rumination,,,True
it_102414,HPI-HIC,0.7,1,False,Stick to the rules.,Impulse-Control,,,True
it_102415,HPI-HIC,0.74,-1,True,Suspect hidden motives in others.,Trust,,,True
it_102416,HPI-HIC,0.7,1,False,Take things as they come.,Pleasantness,,,True
it_102417,HPI-HIC,0.6,1,False,Tend to analyze things.,Problem-solving,,,True
it_102418,HPI-HIC,0.6,1,False,Tend to analyze things.,Curiosity,,,True
it_102419,HPI-HIC,0.61,-1,True,Tend to dislike soft-hearted people.,Sensitivity,,,True
it_102420,HPI-HIC,0.74,1,False,Think highly of myself.,Self-confidence,,,True
it_102421,HPI-HIC,0.66,-1,True,Treat people as inferiors.,Forgiveness/Mercy,,,True
it_102422,HPI-HIC,0.74,1,False,Trust others.,Trust,,,True
it_102423,HPI-HIC,0.74,1,False,Trust what people say.,Trust,,,True
it_102424,HPI-HIC,0.66,1,False,Try out new things.,Variety-seeking,,,True
it_102425,HPI-HIC,0.61,-1,True,Try to do too difficult things.,Orderliness,,,True
it_102426,HPI-HIC,0.78,1,False,Try to understand myself.,Introspection/Private Self-Consciousness,,,True
it_102427,HPI-HIC,0.7,-1,True,Undertake few things on my own.,Achievement-striving,,,True
it_102428,HPI-HIC,0.8,1,False,Use difficult words.,Language Mastery,,,True
it_102429,HPI-HIC,0.61,1,False,Value cooperation over competition.,Sensitivity,,,True
it_102430,HPI-HIC,0.6,1,False,Want to know the reasons why.,Problem-solving,,,True
it_102431,HPI-HIC,0.6,1,False,Want to know the reasons why.,Curiosity,,,True
it_102432,HPI-HIC,0.6,1,False,Want to see things for myself.,Problem-solving,,,True
it_102433,HPI-HIC,0.6,1,False,Want to see things for myself.,Curiosity,,,True
it_102434,HPI-HIC,0.72,1,False,Willing to try anything once.,Risk-taking/Sensation-Seeking/Thrill-Seeking,,,True
it_102435,HPI-HIC,0.68,1,False,Withhold information from others.,Rumination,,,True
it_102436,HPI-HIC,0.79,-1,True,Worry about things.,Calmness,,,True
it_102437,HPI-HIC,0.66,-1,True,Would describe my experiences as somewhat dull.,Variety-seeking,,,True
it_102438,HPI-HIC,0.81,-1,True,Yell at people.,Cool-headedness,,,True
it_102439,IPIP-IPC,.,1,False,Am a very private person,Introversion,,,True
it_102440,IPIP-IPC,.,1,False,Am interested in people,Warmth,,,True
it_102441,IPIP-IPC,.,1,False,Am not interested in other people__ problems.,Callousness,,,True
it_102442,IPIP-IPC,.,1,False,Am quiet around strangers,Introversion,,,True
it_102443,IPIP-IPC,.,1,False,Believe people should fend for themselves.,Callousness,,,True
it_102444,IPIP-IPC,.,1,False,Contradict others,Disparagement,,,True
it_102445,IPIP-IPC,.,1,False,Cut others to pieces.,Disparagement,,,True
it_102446,IPIP-IPC,.,1,False,Demand attention,Dominance,,,True
it_102447,IPIP-IPC,.,1,False,Demand to be the center of interest.,Dominance,,,True
it_102448,IPIP-IPC,.,1,False,Dislike being the center of attention,Submissiveness,,,True
it_102449,IPIP-IPC,.,1,False,Do most of the talking.,Dominance,,,True
it_102450,IPIP-IPC,.,1,False,Don't fall for sob stories.,Callousness,,,True
it_102451,IPIP-IPC,.,1,False,Don't put a lot of thought into things.,Callousness,,,True
it_102452,IPIP-IPC,.,1,False,Don't talk a lot,Introversion,,,True
it_102453,IPIP-IPC,.,1,False,Feel comfortable around people,Gregariousness,,,True
it_102454,IPIP-IPC,.,1,False,Get along well with others,Warmth,,,True
it_102455,IPIP-IPC,.,1,False,Have a sharp tongue,Disparagement,,,True
it_102456,IPIP-IPC,.,1,False,Have little to say,Introversion,,,True
it_102457,IPIP-IPC,.,1,False,Inquire about others' well-being.,Warmth,,,True
it_102458,IPIP-IPC,.,1,False,Let others finish what they are saying.,Submissiveness,,,True
it_102459,IPIP-IPC,.,1,False,Love large parties,Gregariousness,,,True
it_102460,IPIP-IPC,.,1,False,Reassure others,Warmth,,,True
it_102461,IPIP-IPC,.,1,False,Seldom stretch the truth,Tolerance,,,True
it_102462,IPIP-IPC,.,1,False,Seldom toot my own horn.,Submissiveness,,,True
it_102463,IPIP-IPC,.,1,False,Snap at people,Disparagement,,,True
it_102464,IPIP-IPC,.,1,False,Speak loudly.,Dominance,,,True
it_102465,IPIP-IPC,.,1,False,Speak softly.,Submissiveness,,,True
it_102466,IPIP-IPC,.,1,False,Start conversations,Gregariousness,,,True
it_102467,IPIP-IPC,.,1,False,Take things as they come,Tolerance,,,True
it_102468,IPIP-IPC,.,1,False,Talk to a lot of different people at parties,Gregariousness,,,True
it_102469,IPIP-IPC,.,1,False,Think of others first,Tolerance,,,True
it_102470,IPIP-IPC,.,1,False,Tolerate a lot from others.,Tolerance,,,True
it_102471,JPI,0.81,1,False,Accomplish a lot of work.,Activity-Level,,,True
it_102472,JPI,0.78,-1,True,Am a very private person.,Sociability,,,True
it_102473,JPI,0.81,1,False,Am always busy.,Activity-Level,,,True
it_102474,JPI,0.81,1,False,Am always on the go.,Activity-Level,,,True
it_102475,JPI,0.8,1,False,Am deeply moved by others' misfortunes.,Empathy,,,True
it_102476,JPI,0.87,1,False,Am devoted to religion.,Traditionalism,,,True
it_102477,JPI,0.81,-1,True,Am easily discouraged.,Activity-Level,,,True
it_102478,JPI,0.8,1,False,Am easily moved to tears.,Empathy,,,True
it_102479,JPI,0.87,1,False,Am good at making impromptu speeches.,Social-confidence,,,True
it_102480,JPI,0.79,1,False,Am interested in many things.,Intellectual-Breadth,,,True
it_102481,JPI,0.78,1,False,Am interested in people.,Sociability,,,True
it_102482,JPI,0.71,-1,True,Am not concerned with making a good impression.,Conformity/Dependence/Need for approval,,,True
it_102483,JPI,0.87,-1,True,Am not easily frustrated.,Anxiety,,,True
it_102484,JPI,0.82,-1,True,Am not interested in abstract ideas.,Intellectual-Complexity,,,True
it_102485,JPI,0.82,-1,True,Am not interested in theoretical discussions.,Intellectual-Complexity,,,True
it_102486,JPI,0.73,1,False,Am open to change.,Tolerance,,,True
it_102487,JPI,0.87,-1,True,Am relaxed most of the time.,Anxiety,,,True
it_102488,JPI,0.79,-1,True,Avoid difficult reading material.,Intellectual-Breadth,,,True
it_102489,JPI,0.82,-1,True,Avoid philosophical discussions.,Intellectual-Complexity,,,True
it_102490,JPI,0.73,1,False,Believe in equality between all races.,Tolerance,,,True
it_102491,JPI,0.87,1,False,Believe in one true religion.,Traditionalism,,,True
it_102492,JPI,0.87,1,False,Believe in sexual modesty.,Traditionalism,,,True
it_102493,JPI,0.82,1,False,Believe in the importance of art.,Intellectual-Complexity,,,True
it_102494,JPI,0.69,-1,True,Believe that I am better than others.,Responsibility,,,True
it_102495,JPI,0.87,1,False,Believe that we should be tough on crime.,Traditionalism,,,True
it_102496,JPI,0.81,1,False,Can manage many things at the same time.,Activity-Level,,,True
it_102497,JPI,0.79,1,False,Can talk others into doing things.,Machiavellianism,,,True
it_102498,JPI,0.69,-1,True,Cheat to get ahead.,Responsibility,,,True
it_102499,JPI,0.71,1,False,Conform to others' opinions.,Conformity/Dependence/Need for approval,,,True
it_102500,JPI,0.8,1,False,Cry easily.,Empathy,,,True
it_102501,JPI,0.69,-1,True,Disregard rules.,Responsibility,,,True
it_102502,JPI,0.81,1,False,Do a lot in my spare time.,Activity-Level,,,True
it_102503,JPI,0.79,-1,True,Do not enjoy going to art museums.,Intellectual-Breadth,,,True
it_102504,JPI,0.79,-1,True,Do not like art.,Intellectual-Breadth,,,True
it_102505,JPI,0.79,-1,True,Do not like concerts.,Intellectual-Breadth,,,True
it_102506,JPI,0.82,-1,True,Do not like poetry.,Intellectual-Complexity,,,True
it_102507,JPI,0.81,-1,True,Do too little work.,Activity-Level,,,True
it_102508,JPI,0.71,1,False,Do what others do.,Conformity/Dependence/Need for approval,,,True
it_102509,JPI,0.87,-1,True,Don't consider myself religious.,Traditionalism,,,True
it_102510,JPI,0.73,-1,True,Don't like the idea of change.,Tolerance,,,True
it_102511,JPI,0.87,-1,True,Don't like to draw attention to myself.,Social-confidence,,,True
it_102512,JPI,0.87,1,False,Don't mind being the center of attention.,Social-confidence,,,True
it_102513,JPI,0.69,-1,True,Don't think laws apply to me.,Responsibility,,,True
it_102514,JPI,0.8,-1,True,Don't understand people who get emotional.,Empathy,,,True
it_102515,JPI,0.87,-1,True,Doubt the value of religion.,Traditionalism,,,True
it_102516,JPI,0.78,1,False,Enjoy bringing people together.,Sociability,,,True
it_102517,JPI,0.82,1,False,Enjoy discussing movies and books with others.,Intellectual-Complexity,,,True
it_102518,JPI,0.82,1,False,Enjoy examining myself and my life.,Intellectual-Complexity,,,True
it_102519,JPI,0.8,1,False,Experience my emotions intensely.,Empathy,,,True
it_102520,JPI,0.87,1,False,Feel comfortable around people.,Social-confidence,,,True
it_102521,JPI,0.71,-1,True,Feel it's OK that some people don't like me.,Conformity/Dependence/Need for approval,,,True
it_102522,JPI,0.8,1,False,Feel spiritally connected to other people.,Empathy,,,True
it_102523,JPI,0.79,-1,True,Find it difficult to manipulate others.,Machiavellianism,,,True
it_102524,JPI,0.79,1,False,Find it easy to manipulate others.,Machiavellianism,,,True
it_102525,JPI,0.79,1,False,Find political discussions interesting.,Intellectual-Breadth,,,True
it_102526,JPI,0.79,1,False,Follow a schedule.,Organization,,,True
it_102527,JPI,0.87,1,False,Get upset easily.,Anxiety,,,True
it_102528,JPI,0.87,1,False,Guide my life using religious scriptures.,Traditionalism,,,True
it_102529,JPI,0.81,-1,True,Hang around doing nothing.,Activity-Level,,,True
it_102530,JPI,0.87,-1,True,Hate being the center of attention.,Social-confidence,,,True
it_102531,JPI,0.79,-1,True,Hate being the center of attention.,Machiavellianism,,,True
it_102532,JPI,0.87,1,False,Have a natural talent for influencing people.,Social-confidence,,,True
it_102533,JPI,0.79,1,False,Have a natural talent for influencing people.,Machiavellianism,,,True
it_102534,JPI,0.82,1,False,Have a rich vocabulary.,Intellectual-Complexity,,,True
it_102535,JPI,0.81,-1,True,Have a slow pace to my life.,Activity-Level,,,True
it_102536,JPI,0.84,1,False,Have a vivid imagination.,Ingenuity,,,True
it_102537,JPI,0.87,1,False,Have frequent mood swings.,Anxiety,,,True
it_102538,JPI,0.87,-1,True,Have little to say.,Social-confidence,,,True
it_102539,JPI,0.73,-1,True,Hold a grudge.,Tolerance,,,True
it_102540,JPI,0.69,-1,True,Hurt people.,Responsibility,,,True
it_102541,JPI,0.78,1,False,Know how to get around the rules.,Risk-taking/Sensation-Seeking/Thrill-Seeking,,,True
it_102542,JPI,0.87,-1,True,Lack the talent for influencing people.,Social-confidence,,,True
it_102543,JPI,0.79,-1,True,Lack the talent for influencing people.,Machiavellianism,,,True
it_102544,JPI,0.87,1,False,Like to stand during the national anthem.,Traditionalism,,,True
it_102545,JPI,0.78,1,False,Love surprise parties.,Sociability,,,True
it_102546,JPI,0.79,1,False,Love to learn new things.,Intellectual-Breadth,,,True
it_102547,JPI,0.79,1,False,Love to read challenging material.,Intellectual-Breadth,,,True
it_102548,JPI,0.84,1,False,Love to think up new ways of doing things.,Ingenuity,,,True
it_102549,JPI,0.79,1,False,Make plans and stick to them.,Organization,,,True
it_102550,JPI,0.81,-1,True,Need a push to get started.,Activity-Level,,,True
it_102551,JPI,0.87,1,False,Often feel blue.,Anxiety,,,True
it_102552,JPI,0.87,-1,True,Often feel uncomfortable around others.,Social-confidence,,,True
it_102553,JPI,0.78,-1,True,Prefer to be alone.,Sociability,,,True
it_102554,JPI,0.79,-1,True,Prefer to stick with things that I know.,Intellectual-Breadth,,,True
it_102555,JPI,0.79,-1,True,Put off unpleasant tasks.,Organization,,,True
it_102556,JPI,0.87,-1,True,Rarely get irritated.,Anxiety,,,True
it_102557,JPI,0.78,1,False,Seek danger.,Risk-taking/Sensation-Seeking/Thrill-Seeking,,,True
it_102558,JPI,0.8,-1,True,Seldom get emotional.,Empathy,,,True
it_102559,JPI,0.69,1,False,Stay in touch with old acquaintances.,Responsibility,,,True
it_102560,JPI,0.78,-1,True,Stick to the rules.,Risk-taking/Sensation-Seeking/Thrill-Seeking,,,True
it_102561,JPI,0.8,1,False,Suffer from others' sorrows.,Empathy,,,True
it_102562,JPI,0.87,1,False,Tend to vote for conservative political candidates.,Traditionalism,,,True
it_102563,JPI,0.87,-1,True,Tend to vote for liberal political candidates.,Traditionalism,,,True
it_102564,JPI,0.69,1,False,Think of others first.,Responsibility,,,True
it_102565,JPI,0.82,-1,True,Try to avoid complex people.,Intellectual-Complexity,,,True
it_102566,JPI,0.82,1,False,Try to examine myself objectively.,Intellectual-Complexity,,,True
it_102567,JPI,0.73,1,False,Try to forgive and forget.,Tolerance,,,True
it_102568,JPI,0.73,1,False,Understand people who think differently.,Tolerance,,,True
it_102569,JPI,0.71,1,False,Want to amount to something special in others' eyes.,Conformity/Dependence/Need for approval,,,True
it_102570,JPI,0.71,-1,True,Want to be different from others.,Conformity/Dependence/Need for approval,,,True
it_102571,JPI,0.71,-1,True,Want to form my own opinions.,Conformity/Dependence/Need for approval,,,True
it_102572,JPI,0.79,1,False,Want to increase my knowledge.,Intellectual-Breadth,,,True
it_102573,JPI,0.79,-1,True,Waste my time.,Organization,,,True
it_102574,JPI,0.84,-1,True,Will not probe deeply into a subject.,Ingenuity,,,True
it_102575,JPI,0.71,1,False,Worry about what people think of me.,Conformity/Dependence/Need for approval,,,True
it_102576,JPI,0.69,1,False,Would never cheat on my taxes.,Responsibility,,,True
it_102577,JPI,0.78,-1,True,Would never go hang-gliding or bungee-jumping.,Risk-taking/Sensation-Seeking/Thrill-Seeking,,,True
it_102578,JPI,0.78,-1,True,Would never make a high risk investment.,Risk-taking/Sensation-Seeking/Thrill-Seeking,,,True
it_102579,JPI,0.69,1,False,Would never take things that aren't mine.,Responsibility,,,True
it_102580,Levenson1981,0.86,1,False,Act comfortably with others.,Locus of Control,,,True
it_102581,Levenson1981,0.71,1,False,Always know why I do things.,"Locus of Control,Internal",,,True
it_102582,Levenson1981,0.86,-1,True,Am less capable than most people.,Locus of Control,,,True
it_102583,Levenson1981,0.72,1,False,Am not sure where my life is going.,"Locus of Control,Chance",,,True
it_102584,Levenson1981,0.72,1,False,Am resigned to my fate.,"Locus of Control,Chance",,,True
it_102585,Levenson1981,0.61,-1,True,Believe in the power of fate.,"Locus of Control,Rational",,,True
it_102586,Levenson1981,0.72,1,False,Believe in the power of fate.,"Locus of Control,Chance",,,True
it_102587,Levenson1981,0.61,-1,True,Believe some people are born lucky.,"Locus of Control,Rational",,,True
it_102588,Levenson1981,0.72,1,False,Believe some people are born lucky.,"Locus of Control,Chance",,,True
it_102589,Levenson1981,0.86,-1,True,Believe some people are born lucky.,Locus of Control,,,True
it_102590,Levenson1981,0.71,1,False,Believe that by working hard a person can achieve anything.,"Locus of Control,Internal",,,True
it_102591,Levenson1981,0.71,1,False,Believe that events in my life are determined only by me.,"Locus of Control,Internal",,,True
it_102592,Levenson1981,0.61,1,False,Believe that my success depends on ability rather than luck.,"Locus of Control,Rational",,,True
it_102593,Levenson1981,0.71,1,False,Believe that my success depends on ability rather than luck.,"Locus of Control,Internal",,,True
it_102594,Levenson1981,0.72,-1,True,Believe that my success depends on ability rather than luck.,"Locus of Control,Chance",,,True
it_102595,Levenson1981,0.86,1,False,Believe that my success depends on ability rather than luck.,Locus of Control,,,True
it_102596,Levenson1981,0.61,-1,True,Believe that the world is controlled by a few powerful people.,"Locus of Control,Rational",,,True
it_102597,Levenson1981,0.81,1,False,Believe that the world is controlled by a few powerful people.,"Locus of Control,External",,,True
it_102598,Levenson1981,0.86,-1,True,Believe that the world is controlled by a few powerful people.,Locus of Control,,,True
it_102599,Levenson1981,0.61,-1,True,Believe that unfortunate events occur because of bad luck.,"Locus of Control,Rational",,,True
it_102600,Levenson1981,0.71,-1,True,Believe that unfortunate events occur because of bad luck.,"Locus of Control,Internal",,,True
it_102601,Levenson1981,0.72,1,False,Believe that unfortunate events occur because of bad luck.,"Locus of Control,Chance",,,True
it_102602,Levenson1981,0.86,-1,True,Believe that unfortunate events occur because of bad luck.,Locus of Control,,,True
it_102603,Levenson1981,0.71,-1,True,Can't stand on my own.,"Locus of Control,Internal",,,True
it_102604,Levenson1981,0.72,-1,True,Come up with good solutions.,"Locus of Control,Chance",,,True
it_102605,Levenson1981,0.86,1,False,Come up with good solutions.,Locus of Control,,,True
it_102606,Levenson1981,0.81,1,False,Dislike myself.,"Locus of Control,External",,,True
it_102607,Levenson1981,0.86,-1,True,Dislike myself.,Locus of Control,,,True
it_102608,Levenson1981,0.86,-1,True,Dislike taking responsibility for making decisions.,Locus of Control,,,True
it_102609,Levenson1981,0.81,-1,True,Feel comfortable around people.,"Locus of Control,External",,,True
it_102610,Levenson1981,0.71,1,False,Feel comfortable with myself.,"Locus of Control,Internal",,,True
it_102611,Levenson1981,0.81,-1,True,Feel comfortable with myself.,"Locus of Control,External",,,True
it_102612,Levenson1981,0.72,-1,True,Feel comfortable with myself.,"Locus of Control,Chance",,,True
it_102613,Levenson1981,0.86,1,False,Feel comfortable with myself.,Locus of Control,,,True
it_102614,Levenson1981,0.81,1,False,Feel short-changed in life.,"Locus of Control,External",,,True
it_102615,Levenson1981,0.86,-1,True,Feel that I'm unable to deal with things.,Locus of Control,,,True
it_102616,Levenson1981,0.71,-1,True,Feel that my life lacks direction.,"Locus of Control,Internal",,,True
it_102617,Levenson1981,0.81,1,False,Feel that my life lacks direction.,"Locus of Control,External",,,True
it_102618,Levenson1981,0.72,1,False,Feel that my life lacks direction.,"Locus of Control,Chance",,,True
it_102619,Levenson1981,0.86,-1,True,Feel that my life lacks direction.,Locus of Control,,,True
it_102620,Levenson1981,0.86,1,False,Feel up to any task.,Locus of Control,,,True
it_102621,Levenson1981,0.86,-1,True,Habitually blow my chances.,Locus of Control,,,True
it_102622,Levenson1981,0.71,1,False,Just know that I will be a success.,"Locus of Control,Internal",,,True
it_102623,Levenson1981,0.81,-1,True,Just know that I will be a success.,"Locus of Control,External",,,True
it_102624,Levenson1981,0.72,-1,True,Just know that I will be a success.,"Locus of Control,Chance",,,True
it_102625,Levenson1981,0.86,1,False,Just know that I will be a success.,Locus of Control,,,True
it_102626,Levenson1981,0.81,-1,True,Know how to enjoy myself.,"Locus of Control,External",,,True
it_102627,Levenson1981,0.86,1,False,Like to take responsibility for making decisions.,Locus of Control,,,True
it_102628,Levenson1981,0.86,1,False,Love life.,Locus of Control,,,True
it_102629,Levenson1981,0.86,1,False,Make a decision and move on.,Locus of Control,,,True
it_102630,Levenson1981,0.81,1,False,Remember my failures more easily than my successes.,"Locus of Control,External",,,True
it_102631,Levenson1981,0.71,-1,True,See difficulties everywhere.,"Locus of Control,Internal",,,True
it_102632,Levenson1981,0.81,1,False,See difficulties everywhere.,"Locus of Control,External",,,True
it_102633,Levenson1981,0.86,-1,True,See difficulties everywhere.,Locus of Control,,,True
it_102634,Levenson1981,0.86,1,False,Take the initiative.,Locus of Control,,,True
it_102635,MPQ,0.83,-1,True,Act comfortably with others.,Distrust,,,True
it_102636,MPQ,0.76,1,False,Always admit it when I make a mistake.,Unlikely Virtues,,,True
it_102637,MPQ,0.76,1,False,Always know what I am doing.,Unlikely Virtues,,,True
it_102638,MPQ,0.76,1,False,Always know why I do things.,Unlikely Virtues,,,True
it_102639,MPQ,0.76,1,False,Am always prepared.,Unlikely Virtues,,,True
it_102640,MPQ,0.76,1,False,Am always ready to start afresh.,Unlikely Virtues,,,True
it_102641,MPQ,0.78,1,False,Am exacting in my work.,Planfulness,,,True
it_102642,MPQ,0.85,1,False,Am good at making impromptu speeches.,Assertiveness,,,True
it_102643,MPQ,0.76,-1,True,Am not always honest with myself.,Unlikely Virtues,,,True
it_102644,MPQ,0.76,-1,True,Am not always what I appear to be.,Unlikely Virtues,,,True
it_102645,MPQ,0.84,-1,True,Am not easily bothered by things.,Neuroticism,,,True
it_102646,MPQ,12,-1,True,Am often in a bad mood.,Joyfulness,,,True
it_102647,MPQ,0.84,-1,True,Am relaxed most of the time.,Neuroticism,,,True
it_102648,MPQ,0.8,-1,True,Am willing to try anything once.,Risk-avoidance,,,True
it_102649,MPQ,0.85,-1,True,Avoid company.,Friendliness,,,True
it_102650,MPQ,0.8,1,False,Avoid dangerous situations.,Risk-avoidance,,,True
it_102651,MPQ,0.83,1,False,Believe in one true religion.,Conservatism,,,True
it_102652,MPQ,0.83,-1,True,Believe in the importance of art.,Conservatism,,,True
it_102653,MPQ,0.83,1,False,Believe laws should be strictly enforced.,Conservatism,,,True
it_102654,MPQ,0.83,-1,True,Believe that criminals should receive help rather than punishment.,Conservatism,,,True
it_102655,MPQ,0.83,-1,True,Believe that there is no absolute right and wrong.,Conservatism,,,True
it_102656,MPQ,0.83,1,False,Believe that we should be tough on crime.,Conservatism,,,True
it_102657,MPQ,0.76,1,False,Believe there is never an excuse for lying.,Unlikely Virtues,,,True
it_102658,MPQ,0.77,1,False,Cheat to get ahead.,Belligerence,,,True
it_102659,MPQ,0.79,1,False,Continue until everything is perfect.,Achievement-striving,,,True
it_102660,MPQ,0.83,1,False,Dislike myself.,Distrust,,,True
it_102661,MPQ,0.8,-1,True,Do crazy things.,Risk-avoidance,,,True
it_102662,MPQ,0.8,-1,True,Do dangerous things.,Risk-avoidance,,,True
it_102663,MPQ,0.78,1,False,Do things by the book.,Planfulness,,,True
it_102664,MPQ,0.77,1,False,Do things out of revenge.,Belligerence,,,True
it_102665,MPQ,0.79,-1,True,Do too little work.,Achievement-striving,,,True
it_102666,MPQ,0.76,-1,True,Don't always practice what I preach.,Unlikely Virtues,,,True
it_102667,MPQ,0.83,-1,True,Don't consider myself religious.,Conservatism,,,True
it_102668,MPQ,0.85,-1,True,Don't like to draw attention to myself.,Assertiveness,,,True
it_102669,MPQ,0.84,-1,True,Don't worry about things that have already happened.,Neuroticism,,,True
it_102670,MPQ,0.85,1,False,Enjoy being part of a group.,Friendliness,,,True
it_102671,MPQ,0.8,-1,True,Enjoy being reckless.,Risk-avoidance,,,True
it_102672,MPQ,0.83,1,False,Feel attacked by others.,Distrust,,,True
it_102673,MPQ,12,1,False,Feel lucky most of the time.,Joyfulness,,,True
it_102674,MPQ,0.83,1,False,Feel short-changed in life.,Distrust,,,True
it_102675,MPQ,12,-1,True,Feel that my life lacks direction.,Joyfulness,,,True
it_102676,MPQ,0.83,1,False,Feel that people have a hard time understanding me.,Distrust,,,True
it_102677,MPQ,0.85,-1,True,Find it difficult to manipulate others.,Assertiveness,,,True
it_102678,MPQ,0.77,1,False,Get back at others.,Belligerence,,,True
it_102679,MPQ,0.84,1,False,Get stressed out easily.,Neuroticism,,,True
it_102680,MPQ,12,-1,True,Have a dark outlook on the future.,Joyfulness,,,True
it_102681,MPQ,12,1,False,Have a lot of fun.,Joyfulness,,,True
it_102682,MPQ,12,-1,True,Have a low opinion of myself.,Joyfulness,,,True
it_102683,MPQ,0.85,1,False,Have a natural talent for influencing people.,Assertiveness,,,True
it_102684,MPQ,0.77,1,False,Have a sharp tongue.,Belligerence,,,True
it_102685,MPQ,0.79,-1,True,Have a slow pace to my life.,Achievement-striving,,,True
it_102686,MPQ,0.84,1,False,Have frequent mood swings.,Neuroticism,,,True
it_102687,MPQ,0.85,-1,True,Have little to say.,Assertiveness,,,True
it_102688,MPQ,0.76,1,False,Have never engaged in gossip.,Unlikely Virtues,,,True
it_102689,MPQ,0.76,-1,True,Have some bad habits.,Unlikely Virtues,,,True
it_102690,MPQ,0.76,-1,True,Have sometimes had to tell a lie.,Unlikely Virtues,,,True
it_102691,MPQ,0.77,1,False,Hold a grudge.,Belligerence,,,True
it_102692,MPQ,0.78,-1,True,Jump into things without thinking.,Planfulness,,,True
it_102693,MPQ,12,1,False,Just know that I will be a success.,Joyfulness,,,True
it_102694,MPQ,0.85,-1,True,Keep in the background.,Assertiveness,,,True
it_102695,MPQ,0.76,1,False,Know immediately what to do.,Unlikely Virtues,,,True
it_102696,MPQ,0.76,1,False,Know that anyone who tries can get a job.,Unlikely Virtues,,,True
it_102697,MPQ,0.78,-1,True,Like to act on a whim.,Planfulness,,,True
it_102698,MPQ,0.78,1,False,Like to plan ahead.,Planfulness,,,True
it_102699,MPQ,0.83,1,False,Like to stand during the national anthem.,Conservatism,,,True
it_102700,MPQ,12,1,False,Love life.,Joyfulness,,,True
it_102701,MPQ,0.85,1,False,Love to chat.,Friendliness,,,True
it_102702,MPQ,0.78,1,False,Love to reflect on things.,Imagination,,,True
it_102703,MPQ,0.78,-1,True,Make a mess of things.,Planfulness,,,True
it_102704,MPQ,0.78,1,False,Make plans and stick to them.,Planfulness,,,True
it_102705,MPQ,0.78,-1,True,Make rash decisions.,Planfulness,,,True
it_102706,MPQ,0.76,1,False,Never give up hope.,Unlikely Virtues,,,True
it_102707,MPQ,0.76,1,False,Never give up.,Unlikely Virtues,,,True
it_102708,MPQ,12,-1,True,Often feel blue.,Joyfulness,,,True
it_102709,MPQ,0.78,-1,True,Often make last-minute plans.,Planfulness,,,True
it_102710,MPQ,0.84,1,False,Panic easily.,Neuroticism,,,True
it_102711,MPQ,0.78,1,False,Pay attention to details.,Planfulness,,,True
it_102712,MPQ,12,1,False,Radiate joy.,Joyfulness,,,True
it_102713,MPQ,0.77,-1,True,Rarely complain.,Belligerence,,,True
it_102714,MPQ,0.77,-1,True,Rarely get irritated.,Belligerence,,,True
it_102715,MPQ,0.78,-1,True,Rarely look for a deeper meaning in things.,Imagination,,,True
it_102716,MPQ,0.78,1,False,See beauty in things that others might not notice.,Imagination,,,True
it_102717,MPQ,0.8,-1,True,Seek adventure.,Risk-avoidance,,,True
it_102718,MPQ,0.8,-1,True,Seek danger.,Risk-avoidance,,,True
it_102719,MPQ,0.77,-1,True,Seldom get mad.,Belligerence,,,True
it_102720,MPQ,0.8,-1,True,Take risks.,Risk-avoidance,,,True
it_102721,MPQ,0.83,1,False,Tend to vote for conservative political candidates.,Conservatism,,,True
it_102722,MPQ,0.83,-1,True,Tend to vote for liberal political candidates.,Conservatism,,,True
it_102723,MPQ,0.77,-1,True,Try to forgive and forget.,Belligerence,,,True
it_102724,MPQ,0.76,1,False,Will do anything for others.,Unlikely Virtues,,,True
it_102725,MPQ,0.79,1,False,Work hard.,Achievement-striving,,,True
it_102726,MPQ,0.79,1,False,Work too much.,Achievement-striving,,,True
it_102727,MPQ,0.8,1,False,Would never go hang gliding or bungee jumping.,Risk-avoidance,,,True
it_102728,MPQ,0.8,1,False,Would never make a high-risk investment.,Risk-avoidance,,,True
it_102729,MPQ,0.77,-1,True,Would never take things that aren't mine.,Belligerence,,,True
it_102730,NEO,0.78,1,False,Act wild and crazy.,Excitement-Seeking,,,True
it_102731,NEO,0.76,-1,True,Act without thinking.,Cautiousness,,,True
it_102732,NEO,0.83,-1,True,Adapt easily to new situations.,Anxiety,,,True
it_102733,NEO,0.77,-1,True,Am able to control my cravings.,Immoderation,,,True
it_102734,NEO,0.8,-1,True,Am able to stand up for myself.,Self-Consciousness,,,True
it_102735,NEO,0.8,1,False,Am afraid that I will do the wrong thing.,Self-Consciousness,,,True
it_102736,NEO,0.8,1,False,Am afraid to draw attention to myself.,Self-Consciousness,,,True
it_102737,NEO,0.82,-1,True,Am calm even in tense situations.,Vulnerability,,,True
it_102738,NEO,0.8,-1,True,Am comfortable in unfamiliar situations.,Self-Consciousness,,,True
it_102739,NEO,0.77,1,False,Am concerned about others.,Altruism,,,True
it_102740,NEO,0.8,1,False,Am easily intimidated.,Self-Consciousness,,,True
it_102741,NEO,0.73,1,False,Am easy to satisfy.,Cooperation,,,True
it_102742,NEO,0.77,-1,True,Am indifferent to the feelings of others.,Altruism,,,True
it_102743,NEO,0.8,-1,True,Am not bothered by difficult social situations.,Self-Consciousness,,,True
it_102744,NEO,0.81,-1,True,Am not easily affected by my emotions.,Emotionality,,,True
it_102745,NEO,0.81,-1,True,Am not easily amused.,Cheerfulness,,,True
it_102746,NEO,0.8,-1,True,Am not embarrassed easily.,Self-Consciousness,,,True
it_102747,NEO,0.75,-1,True,Am not interested in other people's problems.,Sympathy,,,True
it_102748,NEO,0.88,1,False,Am often down in the dumps.,Depression,,,True
it_102749,NEO,0.88,1,False,Am often in a bad mood.,Anger,,,True
it_102750,NEO,0.81,1,False,Am passionate about causes.,Emotionality,,,True
it_102751,NEO,0.78,1,False,Am sure of my ground.,Self-efficacy,,,True
it_102752,NEO,0.88,-1,True,Am very pleased with myself.,Depression,,,True
it_102753,NEO,0.82,-1,True,Am wary of others.,Trust,,,True
it_102754,NEO,0.81,1,False,Amuse my friends.,Cheerfulness,,,True
it_102755,NEO,0.77,1,False,Anticipate the needs of others.,Altruism,,,True
it_102756,NEO,0.76,1,False,Avoid mistakes.,Cautiousness,,,True
it_102757,NEO,0.82,1,False,Become overwhelmed by events.,Vulnerability,,,True
it_102758,NEO,0.75,-1,True,Believe in an eye for an eye.,Sympathy,,,True
it_102759,NEO,0.86,-1,True,Believe in one true religion.,Liberalism,,,True
it_102760,NEO,0.86,1,False,Believe that criminals should receive help rather than punishment.,Liberalism,,,True
it_102761,NEO,0.82,1,False,Believe that others have good intentions.,Trust,,,True
it_102762,NEO,0.82,1,False,Believe that people are basically moral.,Trust,,,True
it_102763,NEO,0.82,-1,True,Believe that people are essentially evil.,Trust,,,True
it_102764,NEO,0.86,1,False,Believe that there is no absolute right or wrong.,Liberalism,,,True
it_102765,NEO,0.71,-1,True,Break my promises.,Dutifulness,,,True
it_102766,NEO,0.82,-1,True,Can handle complex problems.,Vulnerability,,,True
it_102767,NEO,0.82,1,False,Can't make up my mind.,Vulnerability,,,True
it_102768,NEO,0.73,1,False,Can't stand confrontations.,Cooperation,,,True
it_102769,NEO,0.75,-1,True,Can't stand weak people.,Sympathy,,,True
it_102770,NEO,0.85,1,False,Carry out my plans.,Self-discipline,,,True
it_102771,NEO,0.75,-1,True,Cheat to get ahead.,Morality,,,True
it_102772,NEO,0.76,1,False,Choose my words with care.,Cautiousness,,,True
it_102773,NEO,0.78,1,False,Come up with good solutions.,Self-efficacy,,,True
it_102774,NEO,0.78,1,False,Complete tasks successfully.,Self-efficacy,,,True
it_102775,NEO,0.73,-1,True,Contradict others.,Cooperation,,,True
it_102776,NEO,0.78,1,False,Demand quality.,Achievement-striving,,,True
it_102777,NEO,0.77,1,False,Dislike being the center of attention.,Modesty,,,True
it_102778,NEO,0.78,-1,True,Dislike loud music.,Excitement-Seeking,,,True
it_102779,NEO,0.77,-1,True,Dislike new foods.,Adventurousness,,,True
it_102780,NEO,0.77,1,False,Dislike talking about myself.,Modesty,,,True
it_102781,NEO,0.83,-1,True,Do not have a good imagination.,Imagination,,,True
it_102782,NEO,0.82,1,False,Do things according to a plan.,Orderliness,,,True
it_102783,NEO,0.77,1,False,Do things I later regret.,Immoderation,,,True
it_102784,NEO,0.77,1,False,Don't know why I do some of the things I do.,Immoderation,,,True
it_102785,NEO,0.77,-1,True,Don't like the idea of change.,Adventurousness,,,True
it_102786,NEO,0.78,-1,True,Don't see the consequences of things.,Self-efficacy,,,True
it_102787,NEO,0.81,-1,True,Don't understand people who get emotional.,Emotionality,,,True
it_102788,NEO,0.78,-1,True,Don't understand things.,Self-efficacy,,,True
it_102789,NEO,0.77,-1,True,Easily resist temptations.,Immoderation,,,True
it_102790,NEO,0.79,1,False,Enjoy being part of a group.,Gregariousness,,,True
it_102791,NEO,0.78,1,False,Enjoy being part of a loud crowd.,Excitement-Seeking,,,True
it_102792,NEO,0.78,1,False,Enjoy being reckless.,Excitement-Seeking,,,True
it_102793,NEO,0.81,1,False,Enjoy examining myself and my life.,Emotionality,,,True
it_102794,NEO,0.78,1,False,Excel in what I do.,Self-efficacy,,,True
it_102795,NEO,0.81,1,False,Experience my emotions intensely.,Emotionality,,,True
it_102796,NEO,0.81,-1,True,Experience very few emotional highs and lows.,Emotionality,,,True
it_102797,NEO,0.81,1,False,Express childlike joy.,Cheerfulness,,,True
it_102798,NEO,0.83,1,False,Fear for the worst.,Anxiety,,,True
it_102799,NEO,0.88,-1,True,Feel comfortable with myself.,Depression,,,True
it_102800,NEO,0.88,1,False,Feel desperate.,Depression,,,True
it_102801,NEO,0.81,1,False,Feel others' emotions.,Emotionality,,,True
it_102802,NEO,0.82,1,False,Feel that I'm unable to deal with things.,Vulnerability,,,True
it_102803,NEO,0.88,1,False,Feel that my life lacks direction.,Depression,,,True
it_102804,NEO,0.8,1,False,Find it difficult to approach others.,Self-Consciousness,,,True
it_102805,NEO,0.73,-1,True,Get back at others.,Cooperation,,,True
it_102806,NEO,0.83,1,False,Get caught up in my problems.,Anxiety,,,True
it_102807,NEO,0.71,-1,True,Get others to do my duties.,Dutifulness,,,True
it_102808,NEO,0.82,1,False,Get overwhelmed by emotions.,Vulnerability,,,True
it_102809,NEO,0.77,1,False,Go on binges.,Immoderation,,,True
it_102810,NEO,0.78,1,False,Go straight for the goal.,Achievement-striving,,,True
it_102811,NEO,0.78,1,False,Handle tasks smoothly.,Self-efficacy,,,True
it_102812,NEO,0.73,1,False,Hate to seem pushy.,Cooperation,,,True
it_102813,NEO,0.77,1,False,Have a good word for everyone.,Altruism,,,True
it_102814,NEO,0.77,-1,True,Have a high opinion of myself.,Modesty,,,True
it_102815,NEO,0.81,1,False,Have a lot of fun.,Cheerfulness,,,True
it_102816,NEO,0.88,1,False,Have a low opinion of myself.,Depression,,,True
it_102817,NEO,0.73,-1,True,Have a sharp tongue.,Cooperation,,,True
it_102818,NEO,0.83,-1,True,Have difficulty imagining things.,Imagination,,,True
it_102819,NEO,0.85,-1,True,Have difficulty starting tasks.,Self-discipline,,,True
it_102820,NEO,0.88,1,False,Have frequent mood swings.,Depression,,,True
it_102821,NEO,0.78,-1,True,Have little to contribute.,Self-efficacy,,,True
it_102822,NEO,0.73,-1,True,Hold a grudge.,Cooperation,,,True
it_102823,NEO,0.83,1,False,Indulge in my fantasies.,Imagination,,,True
it_102824,NEO,0.73,-1,True,Insult people.,Cooperation,,,True
it_102825,NEO,0.77,1,False,Interested in many things.,Adventurousness,,,True
it_102826,NEO,0.79,1,False,Involve others in what I am doing.,Gregariousness,,,True
it_102827,NEO,0.88,-1,True,Keep my cool.,Anger,,,True
it_102828,NEO,0.71,1,False,Keep my promises.,Dutifulness,,,True
it_102829,NEO,0.82,-1,True,Know how to cope.,Vulnerability,,,True
it_102830,NEO,0.75,-1,True,Know how to get around the rules.,Morality,,,True
it_102831,NEO,0.78,1,False,Know how to get things done.,Self-efficacy,,,True
it_102832,NEO,0.77,-1,True,Know the answers to many questions.,Modesty,,,True
it_102833,NEO,0.81,1,False,Laugh aloud.,Cheerfulness,,,True
it_102834,NEO,0.81,1,False,Laugh my way through life.,Cheerfulness,,,True
it_102835,NEO,0.71,-1,True,Let things proceed at their own pace.,Activity Level,,,True
it_102836,NEO,0.71,-1,True,Like a leisurely lifestyle.,Activity Level,,,True
it_102837,NEO,0.77,1,False,Like to begin new things.,Adventurousness,,,True
it_102838,NEO,0.71,-1,True,Like to take it easy.,Activity Level,,,True
it_102839,NEO,0.71,-1,True,Like to take my time.,Activity Level,,,True
it_102840,NEO,0.71,1,False,Listen to my conscience.,Dutifulness,,,True
it_102841,NEO,0.81,1,False,Look at the bright side of life.,Cheerfulness,,,True
it_102842,NEO,0.77,-1,True,Look down on others.,Altruism,,,True
it_102843,NEO,0.88,1,False,Lose my temper.,Anger,,,True
it_102844,NEO,0.78,1,False,Love action.,Excitement-Seeking,,,True
it_102845,NEO,0.78,1,False,Love excitement.,Excitement-Seeking,,,True
it_102846,NEO,0.84,1,False,Love flowers.,Artistic Interests,,,True
it_102847,NEO,0.81,1,False,Love life.,Cheerfulness,,,True
it_102848,NEO,0.82,1,False,Love order and regularity.,Orderliness,,,True
it_102849,NEO,0.77,1,False,Love to eat.,Immoderation,,,True
it_102850,NEO,0.77,1,False,Love to help others.,Altruism,,,True
it_102851,NEO,0.77,-1,True,Make myself the center of attention.,Modesty,,,True
it_102852,NEO,0.77,-1,True,Make people feel uncomfortable.,Altruism,,,True
it_102853,NEO,0.77,1,False,Make people feel welcome.,Altruism,,,True
it_102854,NEO,0.76,-1,True,Make rash decisions.,Cautiousness,,,True
it_102855,NEO,0.78,-1,True,Misjudge situations.,Self-efficacy,,,True
it_102856,NEO,0.71,-1,True,Misrepresent the facts.,Dutifulness,,,True
it_102857,NEO,0.85,-1,True,Need a push to get started.,Self-discipline,,,True
it_102858,NEO,0.77,-1,True,Never spend more than I can afford.,Immoderation,,,True
it_102859,NEO,0.77,-1,True,Never splurge.,Immoderation,,,True
it_102860,NEO,0.75,-1,True,Obstruct others' plans.,Morality,,,True
it_102861,NEO,0.77,1,False,Often eat too much.,Immoderation,,,True
it_102862,NEO,0.88,1,False,Often feel blue.,Depression,,,True
it_102863,NEO,0.8,1,False,Only feel comfortable with friends.,Self-Consciousness,,,True
it_102864,NEO,0.82,1,False,Panic easily.,Vulnerability,,,True
it_102865,NEO,0.71,1,False,Pay my bills on time.,Dutifulness,,,True
it_102866,NEO,0.85,-1,True,Postpone decisions.,Self-discipline,,,True
it_102867,NEO,0.79,-1,True,Prefer to be alone.,Gregariousness,,,True
it_102868,NEO,0.77,-1,True,Prefer to stick with things that I know.,Adventurousness,,,True
it_102869,NEO,0.77,1,False,Prefer variety to routine.,Adventurousness,,,True
it_102870,NEO,0.75,-1,True,Pretend to be concerned for others.,Morality,,,True
it_102871,NEO,0.78,-1,True,Put little time and effort into my work.,Achievement-striving,,,True
it_102872,NEO,0.75,-1,True,Put people under pressure.,Morality,,,True
it_102873,NEO,0.81,1,False,Radiate joy.,Cheerfulness,,,True
it_102874,NEO,0.88,-1,True,Rarely complain.,Anger,,,True
it_102875,NEO,0.81,-1,True,Rarely notice my emotional reactions.,Emotionality,,,True
it_102876,NEO,0.77,-1,True,Rarely overindulge.,Immoderation,,,True
it_102877,NEO,0.71,1,False,React quickly.,Activity Level,,,True
it_102878,NEO,0.71,-1,True,React slowly.,Activity Level,,,True
it_102879,NEO,0.82,-1,True,Readily overcome setbacks.,Vulnerability,,,True
it_102880,NEO,0.82,-1,True,Remain calm under pressure.,Vulnerability,,,True
it_102881,NEO,0.76,-1,True,Rush into things.,Cautiousness,,,True
it_102882,NEO,0.78,1,False,Seek adventure.,Excitement-Seeking,,,True
it_102883,NEO,0.78,1,False,Seek danger.,Excitement-Seeking,,,True
it_102884,NEO,0.79,-1,True,Seek quiet.,Gregariousness,,,True
it_102885,NEO,0.84,1,False,Seek to influence others.,Assertiveness,,,True
it_102886,NEO,0.88,-1,True,Seldom feel blue.,Depression,,,True
it_102887,NEO,0.81,-1,True,Seldom get emotional.,Emotionality,,,True
it_102888,NEO,0.88,-1,True,Seldom get mad.,Anger,,,True
it_102889,NEO,0.81,-1,True,Seldom joke around.,Cheerfulness,,,True
it_102890,NEO,0.77,1,False,Seldom toot my own horn.,Modesty,,,True
it_102891,NEO,0.78,1,False,Set high standards for myself and others.,Achievement-striving,,,True
it_102892,NEO,0.83,1,False,Spend time reflecting on things.,Imagination,,,True
it_102893,NEO,0.85,1,False,Start tasks right away.,Self-discipline,,,True
it_102894,NEO,0.76,1,False,Stick to my chosen path.,Cautiousness,,,True
it_102895,NEO,0.75,1,False,Stick to the rules.,Morality,,,True
it_102896,NEO,0.8,1,False,Stumble over my words.,Self-Consciousness,,,True
it_102897,NEO,0.75,1,False,Suffer from others' sorrows.,Sympathy,,,True
it_102898,NEO,0.75,1,False,Sympathize with the homeless.,Sympathy,,,True
it_102899,NEO,0.75,-1,True,Take advantage of others.,Morality,,,True
it_102900,NEO,0.77,-1,True,Take no time for others.,Altruism,,,True
it_102901,NEO,0.71,1,False,Tell the truth.,Dutifulness,,,True
it_102902,NEO,0.77,-1,True,Think highly of myself.,Modesty,,,True
it_102903,NEO,0.82,1,False,Think that all will be well.,Trust,,,True
it_102904,NEO,0.81,1,False,Try to understand myself.,Emotionality,,,True
it_102905,NEO,0.77,-1,True,Turn my back on others.,Altruism,,,True
it_102906,NEO,0.78,1,False,Turn plans into actions.,Achievement-striving,,,True
it_102907,NEO,0.75,-1,True,Use flattery to get ahead.,Morality,,,True
it_102908,NEO,0.75,-1,True,Use others for my own ends.,Morality,,,True
it_102909,NEO,0.75,1,False,Value cooperation over competition.,Sympathy,,,True
it_102910,NEO,0.82,1,False,Want everything to be just right.,Orderliness,,,True
it_102911,NEO,0.79,-1,True,Want to be left alone.,Gregariousness,,,True
it_102912,NEO,0.78,1,False,Willing to try anything once.,Excitement-Seeking,,,True
it_102913,NEO,0.78,-1,True,Would never go hang gliding or bungee jumping.,Excitement-Seeking,,,True
it_102914,NEO,0.73,-1,True,Yell at people.,Cooperation,,,True
it_102915,NEO5-20,0.85,1,False,Am easy to satisfy.,Agreeableness,,,True
it_102916,NEO5-20,0.91,-1,True,Am hard to get to know.,Extraversion,,,True
it_102917,NEO5-20,0.91,-1,True,Am not easily frustrated.,Neuroticism,,,True
it_102918,NEO5-20,0.89,-1,True,Am not interested in abstract ideas.,Openness To Experience,,,True
it_102919,NEO5-20,0.89,-1,True,Am not interested in theoretical discussions.,Openness To Experience,,,True
it_102920,NEO5-20,0.91,1,False,Am often down in the dumps.,Neuroticism,,,True
it_102921,NEO5-20,0.85,-1,True,Am out for my own personal gain.,Agreeableness,,,True
it_102922,NEO5-20,0.91,-1,True,Am very pleased with myself.,Neuroticism,,,True
it_102923,NEO5-20,0.91,-1,True,Avoid contacts with others.,Extraversion,,,True
it_102924,NEO5-20,0.89,-1,True,Avoid philosophical discussions.,Openness To Experience,,,True
it_102925,NEO5-20,0.89,1,False,Believe in the importance of art.,Openness To Experience,,,True
it_102926,NEO5-20,0.85,-1,True,Believe that I am better than others.,Agreeableness,,,True
it_102927,NEO5-20,0.85,1,False,Believe that others have good intentions.,Agreeableness,,,True
it_102928,NEO5-20,0.89,-1,True,Believe that too much tax money goes to support artists.,Openness To Experience,,,True
it_102929,NEO5-20,0.89,1,False,Can say things beautifully.,Openness To Experience,,,True
it_102930,NEO5-20,0.9,1,False,Carry out my plans.,Conscientiousness,,,True
it_102931,NEO5-20,0.89,1,False,Carry the conversation to a higher level.,Openness To Experience,,,True
it_102932,NEO5-20,0.91,1,False,Cheer people up.,Extraversion,,,True
it_102933,NEO5-20,0.9,1,False,Complete tasks successfully.,Conscientiousness,,,True
it_102934,NEO5-20,0.85,-1,True,Contradict others.,Agreeableness,,,True
it_102935,NEO5-20,0.85,-1,True,Cut others to pieces.,Agreeableness,,,True
it_102936,NEO5-20,0.91,1,False,Dislike myself.,Neuroticism,,,True
it_102937,NEO5-20,0.9,-1,True,Do just enough work to get by.,Conscientiousness,,,True
it_102938,NEO5-20,0.89,-1,True,Do not enjoy going to art museums.,Openness To Experience,,,True
it_102939,NEO5-20,0.89,-1,True,Do not like art.,Openness To Experience,,,True
it_102940,NEO5-20,0.89,-1,True,Do not like poetry.,Openness To Experience,,,True
it_102941,NEO5-20,0.9,-1,True,Don't put my mind on the task at hand.,Conscientiousness,,,True
it_102942,NEO5-20,0.9,-1,True,Don't see things through.,Conscientiousness,,,True
it_102943,NEO5-20,0.89,1,False,Enjoy hearing new ideas.,Openness To Experience,,,True
it_102944,NEO5-20,0.89,1,False,Enjoy thinking about things.,Openness To Experience,,,True
it_102945,NEO5-20,0.89,1,False,Enjoy wild flights of fantasy.,Openness To Experience,,,True
it_102946,NEO5-20,0.91,1,False,Fear for the worst.,Neuroticism,,,True
it_102947,NEO5-20,0.9,1,False,Finish what I start.,Conscientiousness,,,True
it_102948,NEO5-20,0.9,1,False,Follow through with my plans.,Conscientiousness,,,True
it_102949,NEO5-20,0.89,1,False,Get excited by new ideas.,Openness To Experience,,,True
it_102950,NEO5-20,0.89,1,False,Have a rich vocabulary.,Openness To Experience,,,True
it_102951,NEO5-20,0.85,-1,True,Have a sharp tongue.,Agreeableness,,,True
it_102952,NEO5-20,0.89,1,False,Have a vivid imagination.,Openness To Experience,,,True
it_102953,NEO5-20,0.89,-1,True,Have difficulty understanding abstract ideas.,Openness To Experience,,,True
it_102954,NEO5-20,0.91,-1,True,Keep others at a distance.,Extraversion,,,True
it_102955,NEO5-20,0.9,-1,True,Leave things unfinished.,Conscientiousness,,,True
it_102956,NEO5-20,0.85,-1,True,Make demands on others.,Agreeableness,,,True
it_102957,NEO5-20,0.9,-1,True,Mess things up.,Conscientiousness,,,True
it_102958,NEO5-20,0.9,-1,True,Need a push to get started.,Conscientiousness,,,True
it_102959,NEO5-20,0.91,1,False,Often feel blue.,Neuroticism,,,True
it_102960,NEO5-20,0.89,-1,True,Rarely look for a deeper meaning in things.,Openness To Experience,,,True
it_102961,NEO5-20,0.91,-1,True,Remain calm under pressure.,Neuroticism,,,True
it_102962,NEO5-20,0.85,1,False,Respect others.,Agreeableness,,,True
it_102963,NEO5-20,0.91,-1,True,Retreat from others.,Extraversion,,,True
it_102964,NEO5-20,0.91,-1,True,Seldom get mad.,Neuroticism,,,True
it_102965,NEO5-20,0.85,-1,True,Suspect hidden motives in others.,Agreeableness,,,True
it_102966,NEO5-20,0.89,-1,True,Tend to vote for conservative political candidates.,Openness To Experience,,,True
it_102967,NEO5-20,0.89,1,False,Tend to vote for liberal political candidates.,Openness To Experience,,,True
it_102968,NEO5-20,0.85,1,False,Treat all people equally.,Agreeableness,,,True
it_102969,NEO5-20,0.85,1,False,Trust what people say.,Agreeableness,,,True
it_102970,NEO5-20,0.91,1,False,Warm up quickly to others.,Extraversion,,,True
it_102971,ORAIS,0.69,1,False,Acted in a play.,Creativity/Originality,,,True
it_102972,ORAIS,0.64,1,False,Ate candy.,Interest in Food,,,True
it_102973,ORAIS,0.73,1,False,Ate dinner alone.,Reclusiveness,,,True
it_102974,ORAIS,0.64,1,False,Ate food while walking or working.,Interest in Food,,,True
it_102975,ORAIS,0.64,1,False,Ate in a restaurant.,Interest in Food,,,True
it_102976,ORAIS,0.64,1,False,Ate or drank while driving.,Interest in Food,,,True
it_102977,ORAIS,0.64,1,False,Ate too much.,Interest in Food,,,True
it_102978,ORAIS,0.82,1,False,Attended a ballet performance.,Culture,,,True
it_102979,ORAIS,0.89,1,False,Attended a church or religious service.,Spirituality/Religiousness,,,True
it_102980,ORAIS,0.57,1,False,Attended a formal dance.,Interest in Romance,,,True
it_102981,ORAIS,0.82,1,False,Attended a public lecture.,Culture,,,True
it_102982,ORAIS,0.7,1,False,Attended a rally or demonstration.,Interest in Political Activism,,,True
it_102983,ORAIS,0.82,1,False,Attended a stage play or musical.,Culture,,,True
it_102984,ORAIS,0.7,1,False,Attended a town meeting.,Interest in Political Activism,,,True
it_102985,ORAIS,0.79,1,False,Attended an athletic event.,Interest in Sports,,,True
it_102986,ORAIS,0.82,1,False,Attended an opera or a concert.,Culture,,,True
it_102987,ORAIS,0.75,1,False,"Baked a cake, pie, cookies, or bread.",Interest in Home-Making,,,True
it_102988,ORAIS,0.84,1,False,Bathed or groomed a pet animal.,Interest in Pets,,,True
it_102989,ORAIS,0.84,1,False,Became intoxicated.,Interest in Drinking,,,True
it_102990,ORAIS,0.79,1,False,Bet money on a sports event.,Interest in Gambling,,,True
it_102991,ORAIS,0.84,1,False,Bought a book about the things that I collect.,Interest in Collecting,,,True
it_102992,ORAIS,0.75,1,False,Bought a book.,Love of Reading,,,True
it_102993,ORAIS,0.5,1,False,"Bought a car, truck or motorcycle.",Interest in Vehicles,,,True
it_102994,ORAIS,0.76,1,False,Bought a fashionable item of clothing.,Appearance-Consciousness,,,True
it_102995,ORAIS,0.66,1,False,Bought a self-help book.,Interest in Self-Improvement,,,True
it_102996,ORAIS,0.85,1,False,Bought or picked flowers.,Interest in Gardening,,,True
it_102997,ORAIS,0.75,1,False,Bought or sold real estate.,Interest in Money,,,True
it_102998,ORAIS,0.75,1,False,Bought or sold stocks or bonds.,Interest in Money,,,True
it_102999,ORAIS,0.85,1,False,Bought plants for a garden or yard.,Interest in Gardening,,,True
it_103000,ORAIS,0.84,1,False,Bought something for my collection.,Interest in Collecting,,,True
it_103001,ORAIS,0.66,1,False,Bought something other than groceries.,Interest in Shopping,,,True
it_103002,ORAIS,0.84,1,False,Cared for a pet animal.,Interest in Pets,,,True
it_103003,ORAIS,0.85,1,False,Cared for a potted plant.,Interest in Gardening,,,True
it_103004,ORAIS,0.52,1,False,Changed a habit to have less impact on the environment.,Interest in Environmentalism,,,True
it_103005,ORAIS,0.66,1,False,Checked the sales ads in a newspaper.,Interest in Shopping,,,True
it_103006,ORAIS,0.64,1,False,Chewed gum.,Interest in Food,,,True
it_103007,ORAIS,0.73,1,False,Chose to spend a day by myself.,Reclusiveness,,,True
it_103008,ORAIS,0.75,1,False,Cleaned the house.,Interest in Home-Making,,,True
it_103009,ORAIS,0.52,1,False,Composted food scraps or yard waste.,Interest in Environmentalism,,,True
it_103010,ORAIS,0.75,1,False,Cooked a meal.,Interest in Home-Making,,,True
it_103011,ORAIS,0.85,1,False,Did aerobic exercise.,Interest in Exercise,,,True
it_103012,ORAIS,0.85,1,False,Did yard work.,Interest in Gardening,,,True
it_103013,ORAIS,0.85,1,False,Did yoga or other movement exercises.,Interest in Exercise,,,True
it_103014,ORAIS,0.57,1,False,Dined by candle light.,Interest in Romance,,,True
it_103015,ORAIS,0.89,1,False,Discussed religion or spirituality.,Spirituality/Religiousness,,,True
it_103016,ORAIS,0.79,1,False,Discussed sports.,Interest in Sports,,,True
it_103017,ORAIS,0.7,1,False,Donated money to a political campaign or cause.,Interest in Political Activism,,,True
it_103018,ORAIS,0.7,1,False,Donated money to charity.,Interest in Political Activism,,,True
it_103019,ORAIS,0.77,1,False,Downloaded music from the Internet.,Interest in Music,,,True
it_103020,ORAIS,0.84,1,False,Drank beer or wine.,Interest in Drinking,,,True
it_103021,ORAIS,0.84,1,False,Drank in a bar or night club.,Interest in Drinking,,,True
it_103022,ORAIS,0.84,1,False,"Drank whiskey, vodka, gin, or other hard liquor.",Interest in Drinking,,,True
it_103023,ORAIS,0.66,1,False,Enrolled in a course of study.,Interest in Self-Improvement,,,True
it_103024,ORAIS,0.82,1,False,Entertained six or more people.,Interest in Pets,,,True
it_103025,ORAIS,0.85,1,False,Exercised for 40 minutes or longer.,Interest in Exercise,,,True
it_103026,ORAIS,0.84,1,False,Fed a pet animal.,Interest in Pets,,,True
it_103027,ORAIS,0.79,1,False,Gambled on a slot machine or video poker game.,Interest in Gambling,,,True
it_103028,ORAIS,0.79,1,False,Gambled with cards or dice.,Interest in Gambling,,,True
it_103029,ORAIS,0.85,1,False,Gardened.,Interest in Gardening,,,True
it_103030,ORAIS,0.89,1,False,Gave a blessing at a meal.,Spirituality/Religiousness,,,True
it_103031,ORAIS,0.84,1,False,Had a hangover.,Interest in Drinking,,,True
it_103032,ORAIS,0.82,1,False,Had someone over for dinner.,Gregariousness,,,True
it_103033,ORAIS,0.75,1,False,Ironed linens or clothes.,Interest in Home-Making,,,True
it_103034,ORAIS,0.75,1,False,"Knitted, quilted, sewed, or crocheted.",Interest in Home-Making,,,True
it_103035,ORAIS,0.65,1,False,Learned a new board or card game.,Interest in Game-Playing,,,True
it_103036,ORAIS,0.66,1,False,Learned a new skill.,Interest in Self-Improvement,,,True
it_103037,ORAIS,0.86,1,False,Let a child win a game.,Interest in Children,,,True
it_103038,ORAIS,0.85,1,False,Lifted weights.,Interest in Exercise,,,True
it_103039,ORAIS,0.89,1,False,Listened to a religious program on the radio or TV.,Spirituality/Religiousness,,,True
it_103040,ORAIS,0.77,1,False,Listened to music on the radio.,Interest in Music,,,True
it_103041,ORAIS,0.77,1,False,Listened to music while working.,Interest in Music,,,True
it_103042,ORAIS,0.61,1,False,Looked something up in an encyclopedia.,Love of Learning,,,True
it_103043,ORAIS,0.61,1,False,Looked up a word in a dictionary.,Love of Learning,,,True
it_103044,ORAIS,0.89,1,False,Looked up information on the Internet.,Interest in Computing,,,True
it_103045,ORAIS,0.75,1,False,Made a bed.,Interest in Home-Making,,,True
it_103046,ORAIS,0.6,1,False,Made an entry in a diary or journal.,Interest in Journaling,,,True
it_103047,ORAIS,0.69,1,False,Made an entry on a personal web-page.,Interest in Social Media,,,True
it_103048,ORAIS,0.75,1,False,Obtained stock market prices.,Interest in Money,,,True
it_103049,ORAIS,0.64,1,False,Ordered food to be delivered.,Interest in Food,,,True
it_103050,ORAIS,0.69,1,False,Painted a picture.,Creativity/Originality,,,True
it_103051,ORAIS,0.85,1,False,Participated in an exercise program.,Interest in Exercise,,,True
it_103052,ORAIS,0.69,1,False,Participated in an online discussion group.,Interest in Social Media,,,True
it_103053,ORAIS,0.52,1,False,Picked up litter.,Interest in Environmentalism,,,True
it_103054,ORAIS,0.82,1,False,Planned a party.,Gregariousness,,,True
it_103055,ORAIS,0.85,1,False,Planted or transplanted a plant.,Interest in Gardening,,,True
it_103056,ORAIS,0.65,1,False,Played a board game.,Interest in Game-Playing,,,True
it_103057,ORAIS,0.89,1,False,Played a computer game.,Interest in Computing,,,True
it_103058,ORAIS,0.69,1,False,Played a musical instrument.,Creativity/Originality,,,True
it_103059,ORAIS,0.79,1,False,Played a team sport.,Interest in Sports,,,True
it_103060,ORAIS,0.79,1,False,Played basketball.,Interest in Sports,,,True
it_103061,ORAIS,0.79,1,False,Played bingo for money.,Interest in Gambling,,,True
it_103062,ORAIS,0.65,1,False,Played cards.,Interest in Game-Playing,,,True
it_103063,ORAIS,0.65,1,False,Played chess or checkers.,Interest in Game-Playing,,,True
it_103064,ORAIS,0.79,1,False,Played tennis or golf.,Interest in Sports,,,True
it_103065,ORAIS,0.86,1,False,Played with a child.,Interest in Children,,,True
it_103066,ORAIS,0.84,1,False,Played with a pet animal.,Interest in Pets,,,True
it_103067,ORAIS,0.89,1,False,Prayed (not including blessings at meals).,Spirituality/Religiousness,,,True
it_103068,ORAIS,0.69,1,False,Produced a work of art.,Creativity/Originality,,,True
it_103069,ORAIS,0.75,1,False,Purchased a commodity as an investment.,Interest in Money,,,True
it_103070,ORAIS,0.77,1,False,Purchased a musical album.,Interest in Music,,,True
it_103071,ORAIS,0.84,1,False,Purchased a pet animal.,Interest in Pets,,,True
it_103072,ORAIS,0.79,1,False,Purchased a scratch ticket.,Interest in Gambling,,,True
it_103073,ORAIS,0.6,1,False,Put pictures in a photo album.,Interest in Journaling,,,True
it_103074,ORAIS,0.5,1,False,"Raced a car, truck or motorcycle.",Interest in Vehicles,,,True
it_103075,ORAIS,0.89,1,False,Read a book about religion or spirituality.,Spirituality/Religiousness,,,True
it_103076,ORAIS,0.84,1,False,Read a book about the things that I collect.,Interest in Collecting,,,True
it_103077,ORAIS,0.75,1,False,Read a book on a financial topic.,Interest in Money,,,True
it_103078,ORAIS,0.75,1,False,Read a book.,Love of Reading,,,True
it_103079,ORAIS,0.5,1,False,Read a car magazine or book.,Interest in Vehicles,,,True
it_103080,ORAIS,0.76,1,False,Read a fashion-related book.,Appearance-Consciousness,,,True
it_103081,ORAIS,0.76,1,False,Read a fashion-related magazine.,Appearance-Consciousness,,,True
it_103082,ORAIS,0.61,1,False,Read a news magazine.,Love of Learning,,,True
it_103083,ORAIS,0.66,1,False,Read a self-help book.,Interest in Self-Improvement,,,True
it_103084,ORAIS,0.86,1,False,Read a story to a child.,Interest in Children,,,True
it_103085,ORAIS,0.75,1,False,Read an entire book in one sitting.,Love of Reading,,,True
it_103086,ORAIS,0.75,1,False,Read in bed before going to sleep.,Love of Reading,,,True
it_103087,ORAIS,0.77,1,False,Read music-related news.,Interest in Music,,,True
it_103088,ORAIS,0.89,1,False,Read news on the Internet.,Interest in Computing,,,True
it_103089,ORAIS,0.66,1,False,Read newspaper ads for non-grocery items.,Interest in Shopping,,,True
it_103090,ORAIS,0.61,1,False,Read poetry.,Love of Learning,,,True
it_103091,ORAIS,0.69,1,False,Read someone__ personal web-page.,Interest in Social Media,,,True
it_103092,ORAIS,0.89,1,False,Read the Bible or other sacred text.,Spirituality/Religiousness,,,True
it_103093,ORAIS,0.86,1,False,Read the comics to a child.,Interest in Children,,,True
it_103094,ORAIS,0.61,1,False,Read the editorial page of a newspaper.,Love of Learning,,,True
it_103095,ORAIS,0.61,1,False,Recorded a television program.,Interest in Watching Television,,,True
it_103096,ORAIS,0.52,1,False,Recycled one or more items.,Interest in Environmentalism,,,True
it_103097,ORAIS,0.5,1,False,Rode a motorcycle.,Interest in Vehicles,,,True
it_103098,ORAIS,0.69,1,False,Sang or played an instrument in public.,Creativity/Originality,,,True
it_103099,ORAIS,0.89,1,False,Sent a message by electronic mail (e-mail).,Interest in Computing,,,True
it_103100,ORAIS,0.86,1,False,Served as a baby sitter.,Interest in Children,,,True
it_103101,ORAIS,0.77,1,False,Shopped in a music store.,Interest in Music,,,True
it_103102,ORAIS,0.66,1,False,Shopped on the web.,Interest in Shopping,,,True
it_103103,ORAIS,0.7,1,False,Signed a petition.,Interest in Political Activism,,,True
it_103104,ORAIS,0.66,1,False,Spent 10 minutes or more in a non-grocery store.,Interest in Shopping,,,True
it_103105,ORAIS,0.73,1,False,Spent an entire vacation by myself.,Reclusiveness,,,True
it_103106,ORAIS,0.66,1,False,Spent an hour or more in a non-grocery store.,Interest in Shopping,,,True
it_103107,ORAIS,0.76,1,False,Spent more than 10 minutes thinking about what to wear.,Appearance-Consciousness,,,True
it_103108,ORAIS,0.76,1,False,Spent more than an hour thinking about what to wear.,Appearance-Consciousness,,,True
it_103109,ORAIS,0.79,1,False,"Stayed in a hotel, motel, or resort.",Interest in Travel,,,True
it_103110,ORAIS,0.66,1,False,Studied some subject.,Interest in Self-Improvement,,,True
it_103111,ORAIS,0.89,1,False,Surfed the Internet.,Interest in Computing,,,True
it_103112,ORAIS,0.86,1,False,Took a child on an outing.,Interest in Children,,,True
it_103113,ORAIS,0.79,1,False,Took a trip.,Interest in Travel,,,True
it_103114,ORAIS,0.79,1,False,Took travel photographs.,Interest in Travel,,,True
it_103115,ORAIS,0.77,1,False,Traded music with a friend.,Interest in Music,,,True
it_103116,ORAIS,0.84,1,False,Traded something in my collection.,Interest in Collecting,,,True
it_103117,ORAIS,0.79,1,False,Traveled by train or plane.,Interest in Travel,,,True
it_103118,ORAIS,0.69,1,False,Tried something completely new.,Creativity/Originality,,,True
it_103119,ORAIS,0.69,1,False,Used a computer for social networking.,Interest in Social Media,,,True
it_103120,ORAIS,0.89,1,False,Used a computer.,Interest in Computing,,,True
it_103121,ORAIS,0.85,1,False,Used an exercise machine.,Interest in Exercise,,,True
it_103122,ORAIS,0.77,1,False,Used an mp3 player or Ipod.,Interest in Music,,,True
it_103123,ORAIS,0.52,1,False,Used both sides of a piece of paper before discarding it.,Interest in Environmentalism,,,True
it_103124,ORAIS,0.66,1,False,Used eBay to buy or sell something.,Interest in Shopping,,,True
it_103125,ORAIS,0.69,1,False,Used instant messaging to chat online.,Interest in Social Media,,,True
it_103126,ORAIS,0.52,1,False,Used public transportation.,Interest in Environmentalism,,,True
it_103127,ORAIS,0.82,1,False,Visited a museum.,Culture,,,True
it_103128,ORAIS,0.75,1,False,Visited a public library.,Love of Reading,,,True
it_103129,ORAIS,0.82,1,False,Visited an art exhibition.,Culture,,,True
it_103130,ORAIS,0.7,1,False,Volunteered for a club or organization.,Interest in Political Activism,,,True
it_103131,ORAIS,0.74,1,False,Walked on a beach.,Interest in Outdoor Activities,,,True
it_103132,ORAIS,0.52,1,False,Walked or rode a bicycle to work.,Interest in Environmentalism,,,True
it_103133,ORAIS,0.75,1,False,Washed dishes.,Interest in Home-Making,,,True
it_103134,ORAIS,0.79,1,False,Watched a televised sports event.,Interest in Sports,,,True
it_103135,ORAIS,0.61,1,False,Watched a television reality show.,Interest in Watching Television,,,True
it_103136,ORAIS,0.61,1,False,Watched a television soap opera.,Interest in Watching Television,,,True
it_103137,ORAIS,0.61,1,False,Watched a television talk show.,Interest in Watching Television,,,True
it_103138,ORAIS,0.61,1,False,Watched an educational channel on TV.,Love of Learning,,,True
it_103139,ORAIS,0.61,1,False,Watched television news.,Interest in Watching Television,,,True
it_103140,ORAIS,0.61,1,False,Watched television.,Interest in Watching Television,,,True
it_103141,ORAIS,0.61,1,False,Watched too much television.,Interest in Watching Television,,,True
it_103142,ORAIS,0.74,1,False,Went backpacking or camping.,Interest in Outdoor Activities,,,True
it_103143,ORAIS,0.74,1,False,Went boating or rafting.,Interest in Outdoor Activities,,,True
it_103144,ORAIS,0.57,1,False,Went dancing.,Interest in Romance,,,True
it_103145,ORAIS,0.74,1,False,Went fishing or hunting.,Interest in Outdoor Activities,,,True
it_103146,ORAIS,0.79,1,False,Went on a cruise or tour.,Interest in Travel,,,True
it_103147,ORAIS,0.57,1,False,Went on a date.,Interest in Romance,,,True
it_103148,ORAIS,0.74,1,False,Went on a hike.,Interest in Outdoor Activities,,,True
it_103149,ORAIS,0.74,1,False,Went on a picnic.,Interest in Outdoor Activities,,,True
it_103150,ORAIS,0.73,1,False,Went on a trip by myself.,Reclusiveness,,,True
it_103151,ORAIS,0.85,1,False,Went running or jogging.,Interest in Exercise,,,True
it_103152,ORAIS,0.79,1,False,Went sightseeing.,Interest in Travel,,,True
it_103153,ORAIS,0.74,1,False,Went swimming.,Interest in Outdoor Activities,,,True
it_103154,ORAIS,0.79,1,False,Went to a casino.,Interest in Gambling,,,True
it_103155,ORAIS,0.73,1,False,Went to a concert or theater alone.,Reclusiveness,,,True
it_103156,ORAIS,0.82,1,False,Went to a large party.,Gregariousness,,,True
it_103157,ORAIS,0.82,1,False,Went to a small party.,Gregariousness,,,True
it_103158,ORAIS,0.73,1,False,Went to the movies alone.,Reclusiveness,,,True
it_103159,ORAIS,0.57,1,False,Wore formal clothing.,Interest in Romance,,,True
it_103160,ORAIS,0.65,1,False,Worked on a jigsaw puzzle.,Interest in Game-Playing,,,True
it_103161,ORAIS,0.75,1,False,Worked on a retirement plan.,Interest in Money,,,True
it_103162,ORAIS,0.6,1,False,Worked on a scrap book.,Interest in Journaling,,,True
it_103163,ORAIS,0.84,1,False,Worked on my collection.,Interest in Collecting,,,True
it_103164,ORAIS,0.6,1,False,Wrote a handwritten letter.,Interest in Journaling,,,True
it_103165,ORAIS,0.7,1,False,Wrote a letter to a newspaper or politician.,Interest in Political Activism,,,True
it_103166,ORAIS,0.57,1,False,Wrote a love letter.,Interest in Romance,,,True
it_103167,ORAIS,0.6,1,False,Wrote a postcard.,Interest in Journaling,,,True
it_103168,ORAIS,0.6,1,False,Wrote a thank-you note.,Interest in Journaling,,,True
it_103169,ORAIS,0.6,1,False,Wrote poetry.,Interest in Journaling,,,True
it_103170,ORAIS,0.69,1,False,Wrote poetry.,Creativity/Originality,,,True
it_103171,ORVIS,0.88,1,False,Act in a play.,Creativity/Originality,,,True
it_103172,ORVIS,0.82,1,False,Be a bounty hunter,Adventurousness,,,True
it_103173,ORVIS,0.88,1,False,Be a chemist,Science Interest,,,True
it_103174,ORVIS,0.86,1,False,Be a counselor or therapist,Altruism,,,True
it_103175,ORVIS,0.86,1,False,Be a doctor or nurse,Altruism,,,True
it_103176,ORVIS,0.81,1,False,Be a farmer,Construction/Mechanical Interests,,,True
it_103177,ORVIS,0.79,1,False,Be a foreign correspondent,Language Mastery,,,True
it_103178,ORVIS,0.81,1,False,Be a forest ranger,Construction/Mechanical Interests,,,True
it_103179,ORVIS,0.79,1,False,Be a librarian,Language Mastery,,,True
it_103180,ORVIS,0.82,1,False,Be a long-distance bicycle rider,Adventurousness,,,True
it_103181,ORVIS,0.88,1,False,Be a mathematician,Science Interest,,,True
it_103182,ORVIS,0.82,1,False,Be a military officer,Adventurousness,,,True
it_103183,ORVIS,0.86,1,False,"Be a minister, priest, rabbi or other religious teacher",Altruism,,,True
it_103184,ORVIS,0.86,1,False,Be a physical therapist,Altruism,,,True
it_103185,ORVIS,0.88,1,False,Be a physicist,Science Interest,,,True
it_103186,ORVIS,0.82,1,False,Be a police officer,Adventurousness,,,True
it_103187,ORVIS,0.82,1,False,Be a professional athlete,Adventurousness,,,True
it_103188,ORVIS,0.88,1,False,Be a professional dancer,Creativity/Originality,,,True
it_103189,ORVIS,0.79,1,False,Be a professor of English,Language Mastery,,,True
it_103190,ORVIS,0.9,1,False,Be a purchasing agent,Organization,,,True
it_103191,ORVIS,0.82,1,False,Be a racing car driver,Adventurousness,,,True
it_103192,ORVIS,0.87,1,False,Be a sales or marketing director,Leadership,,,True
it_103193,ORVIS,0.88,1,False,Be a scientific reporter,Science Interest,,,True
it_103194,ORVIS,0.86,1,False,Be a social worker,Altruism,,,True
it_103195,ORVIS,0.87,1,False,Be a state governor or senator,Leadership,,,True
it_103196,ORVIS,0.88,1,False,Be a statistician,Science Interest,,,True
it_103197,ORVIS,0.79,1,False,Be a translator or interpreter,Language Mastery,,,True
it_103198,ORVIS,0.88,1,False,Be an actor or actress,Creativity/Originality,,,True
it_103199,ORVIS,0.88,1,False,Be an artist or architect,Creativity/Originality,,,True
it_103200,ORVIS,0.86,1,False,Be an elementary-school teacher,Altruism,,,True
it_103201,ORVIS,0.9,1,False,Be an office manager,Organization,,,True
it_103202,ORVIS,0.87,1,False,Be the chief executive of a large company,Leadership,,,True
it_103203,ORVIS,0.9,1,False,Be the financial officer for a company,Organization,,,True
it_103204,ORVIS,0.87,1,False,Be the master of ceremonies at a meeting,Leadership,,,True
it_103205,ORVIS,0.81,1,False,Care for cattle or horses,Construction/Mechanical Interests,,,True
it_103206,ORVIS,0.86,1,False,Care for sick people,Altruism,,,True
it_103207,ORVIS,0.88,1,False,Carry out medical research,Science Interest,,,True
it_103208,ORVIS,0.82,1,False,Compete in athletic events,Adventurousness,,,True
it_103209,ORVIS,0.81,1,False,Construct new buildings,Construction/Mechanical Interests,,,True
it_103210,ORVIS,0.86,1,False,Counsel persons who need help,Altruism,,,True
it_103211,ORVIS,0.88,1,False,Create new fashion designs,Creativity/Originality,,,True
it_103212,ORVIS,0.88,1,False,Create works of art,Creativity/Originality,,,True
it_103213,ORVIS,0.81,1,False,Cultivate plants,Construction/Mechanical Interests,,,True
it_103214,ORVIS,0.87,1,False,Debate topics in a public meeting,Leadership,,,True
it_103215,ORVIS,0.88,1,False,Design a laboratory experiment,Science Interest,,,True
it_103216,ORVIS,0.88,1,False,Design Internet web pages,Creativity/Originality,,,True
it_103217,ORVIS,0.88,1,False,Develop a computer program,Science Interest,,,True
it_103218,ORVIS,0.9,1,False,Develop an office filing system,Organization,,,True
it_103219,ORVIS,0.81,1,False,Do woodworking,Construction/Mechanical Interests,,,True
it_103220,ORVIS,0.79,1,False,Edit a newspaper,Language Mastery,,,True
it_103221,ORVIS,0.82,1,False,Engage in exciting adventures,Adventurousness,,,True
it_103222,ORVIS,0.9,1,False,Establish time schedules,Organization,,,True
it_103223,ORVIS,0.88,1,False,Explain scientific concepts to others,Science Interest,,,True
it_103224,ORVIS,0.82,1,False,Face physical danger,Adventurousness,,,True
it_103225,ORVIS,0.81,1,False,Go on nature walks,Construction/Mechanical Interests,,,True
it_103226,ORVIS,0.86,1,False,Help others learn new ideas,Altruism,,,True
it_103227,ORVIS,0.86,1,False,Help people make career decisions,Altruism,,,True
it_103228,ORVIS,0.86,1,False,Instruct parents on child care,Altruism,,,True
it_103229,ORVIS,0.79,1,False,Keep a diary or journal,Language Mastery,,,True
it_103230,ORVIS,0.9,1,False,Keep detailed records,Organization,,,True
it_103231,ORVIS,0.9,1,False,Keep track of a company__ inventory,Organization,,,True
it_103232,ORVIS,0.79,1,False,Know many languages,Language Mastery,,,True
it_103233,ORVIS,0.87,1,False,Lead other people,Leadership,,,True
it_103234,ORVIS,0.87,1,False,Make decisions that affect a lot of people,Leadership,,,True
it_103235,ORVIS,0.87,1,False,Make important things happen,Leadership,,,True
it_103236,ORVIS,0.79,1,False,Make up word puzzles,Language Mastery,,,True
it_103237,ORVIS,0.9,1,False,Manage a computer data base,Organization,,,True
it_103238,ORVIS,0.9,1,False,Monitor business expenses,Organization,,,True
it_103239,ORVIS,0.87,1,False,Organize a political campaign,Leadership,,,True
it_103240,ORVIS,0.88,1,False,Paint or draw,Creativity/Originality,,,True
it_103241,ORVIS,0.86,1,False,Participate in charity events,Altruism,,,True
it_103242,ORVIS,0.87,1,False,Persuade others to change their views,Leadership,,,True
it_103243,ORVIS,0.87,1,False,Plan an advertising campaign,Leadership,,,True
it_103244,ORVIS,0.9,1,False,Plan budgets,Organization,,,True
it_103245,ORVIS,0.9,1,False,Plan investment strategies,Organization,,,True
it_103246,ORVIS,0.88,1,False,Play an instrument in a symphony,Creativity/Originality,,,True
it_103247,ORVIS,0.9,1,False,Prepare financial contracts,Organization,,,True
it_103248,ORVIS,0.86,1,False,Provide comfort and support to others,Altruism,,,True
it_103249,ORVIS,0.81,1,False,Raise flowers,Construction/Mechanical Interests,,,True
it_103250,ORVIS,0.79,1,False,Read many books,Language Mastery,,,True
it_103251,ORVIS,0.88,1,False,Redecorate one__ house,Creativity/Originality,,,True
it_103252,ORVIS,0.81,1,False,Repair cars or trucks,Construction/Mechanical Interests,,,True
it_103253,ORVIS,0.87,1,False,Run for political office,Leadership,,,True
it_103254,ORVIS,0.88,1,False,Select art works for a museum,Creativity/Originality,,,True
it_103255,ORVIS,0.88,1,False,Sing professionally,Creativity/Originality,,,True
it_103256,ORVIS,0.88,1,False,Solve complex puzzles,Science Interest,,,True
it_103257,ORVIS,0.79,1,False,Speak fluently on any subject,Language Mastery,,,True
it_103258,ORVIS,0.9,1,False,Supervise the work of others,Organization,,,True
it_103259,ORVIS,0.82,1,False,Survive in the wilderness,Adventurousness,,,True
it_103260,ORVIS,0.81,1,False,Work with tools and machinery,Construction/Mechanical Interests,,,True
it_103261,ORVIS,0.88,1,False,Write short stories or novels,Creativity/Originality,,,True
it_103262,ORVIS,0.88,1,False,Write songs,Creativity/Originality,,,True
it_103263,Radloff1977,0.93,1,False,Could not get going.,Depression,,,True
it_103264,Radloff1977,0.93,1,False,"Did not feel like eating, even though I should have been hungry.",Depression,,,True
it_103265,Radloff1977,0.93,-1,True,Enjoyed life.,Depression,,,True
it_103266,Radloff1977,0.93,1,False,Felt depressed.,Depression,,,True
it_103267,Radloff1977,0.93,1,False,Felt fearful.,Depression,,,True
it_103268,Radloff1977,0.93,-1,True,Felt happy.,Depression,,,True
it_103269,Radloff1977,0.93,-1,True,Felt hopeful about the future.,Depression,,,True
it_103270,Radloff1977,0.93,1,False,Felt lonely.,Depression,,,True
it_103271,Radloff1977,0.93,1,False,Felt sad.,Depression,,,True
it_103272,Radloff1977,0.93,1,False,Felt that everything I did was an effort.,Depression,,,True
it_103273,Radloff1977,0.93,1,False,"Felt that I could not shake off the blues, even with help from my family or friends.",Depression,,,True
it_103274,Radloff1977,0.93,1,False,Felt that people disliked me.,Depression,,,True
it_103275,Radloff1977,0.93,1,False,Had a poor appetite.,Depression,,,True
it_103276,Radloff1977,0.93,1,False,Had crying spells.,Depression,,,True
it_103277,Radloff1977,0.93,1,False,Had restless sleep.,Depression,,,True
it_103278,Radloff1977,0.93,1,False,Had thoughts about death.,Depression,,,True
it_103279,Radloff1977,0.93,1,False,Had trouble keeping my mind on what I was doing.,Depression,,,True
it_103280,Radloff1977,0.93,1,False,Talked less than usual.,Depression,,,True
it_103281,Radloff1977,0.93,1,False,Thought about killing myself.,Depression,,,True
it_103282,Radloff1977,0.93,1,False,Thought my life had been a failure.,Depression,,,True
it_103283,Radloff1977,0.93,1,False,Was bothered by things that usually don't bother me.,Depression,,,True
it_103284,Radloff1977,0.93,1,False,Was down in the dumps.,Depression,,,True
it_103285,Rosenberg1965,0.84,-1,True,Am less capable than most people.,Self-esteem,,,True
it_103286,Rosenberg1965,0.84,-1,True,Dislike myself.,Self-esteem,,,True
it_103287,Rosenberg1965,0.84,1,False,Feel comfortable with myself.,Self-esteem,,,True
it_103288,Rosenberg1965,0.84,-1,True,Feel that I'm unable to deal with things.,Self-esteem,,,True
it_103289,Rosenberg1965,0.84,-1,True,Feel that my life lacks direction.,Self-esteem,,,True
it_103290,Rosenberg1965,0.84,1,False,Just know that I will be a success.,Self-esteem,,,True
it_103291,Rosenberg1965,0.84,1,False,Know my strengths.,Self-esteem,,,True
it_103292,Rosenberg1965,0.84,1,False,Like to take responsibility for making decisions.,Self-esteem,,,True
it_103293,Rosenberg1965,0.84,-1,True,Question my ability to do my work properly.,Self-esteem,,,True
it_103294,Rosenberg1965,0.84,1,False,Seldom feel blue.,Self-esteem,,,True
it_103295,Scheier1994,0.86,-1,True,Am often in a bad mood.,Hope/Optimism,,,True
it_103296,Scheier1994,0.86,-1,True,Dislike myself.,Hope/Optimism,,,True
it_103297,Scheier1994,0.86,1,False,Feel comfortable with myself.,Hope/Optimism,,,True
it_103298,Scheier1994,0.86,-1,True,Feel that my life lacks direction.,Hope/Optimism,,,True
it_103299,Scheier1994,0.86,-1,True,Have a dark outlook on the future.,Hope/Optimism,,,True
it_103300,Scheier1994,0.86,1,False,Just know that I will be a success.,Hope/Optimism,,,True
it_103301,Scheier1994,0.86,1,False,Look at the bright side of life.,Hope/Optimism,,,True
it_103302,Scheier1994,0.86,-1,True,Often feel blue.,Hope/Optimism,,,True
it_103303,Scheier1994,0.86,1,False,Seldom feel blue.,Hope/Optimism,,,True
it_103304,Snyder1974,0.82,1,False,Am good at making impromptu speeches.,Self-monitoring,,,True
it_103305,Snyder1974,0.82,1,False,Am likely to show off if I get the chance.,Self-monitoring,,,True
it_103306,Snyder1974,0.82,1,False,Am the life of the party.,Self-monitoring,,,True
it_103307,Snyder1974,0.82,-1,True,Don't like to draw attention to myself.,Self-monitoring,,,True
it_103308,Snyder1974,0.82,-1,True,Hate being the center of attention.,Self-monitoring,,,True
it_103309,Snyder1974,0.82,1,False,Like to attract attention.,Self-monitoring,,,True
it_103310,Snyder1974,0.82,1,False,Put on a show to impress people.,Self-monitoring,,,True
it_103311,Snyder1974,0.82,1,False,Use flattery to get ahead.,Self-monitoring,,,True
it_103312,Snyder1974,0.82,1,False,Would make a good actor.,Self-monitoring,,,True
it_103313,Snyder1974,0.82,-1,True,Would not be a good comedian.,Self-monitoring,,,True
it_103314,Span2002,0.78,1,False,Am often fidgety.,ADHD,,,True
it_103315,Span2002,0.78,1,False,Begin to answer before the other person finishes the question.,ADHD,,,True
it_103316,Span2002,0.78,1,False,Don't enjoy doing quiet leisure activities.,ADHD,,,True
it_103317,Span2002,0.78,1,False,Don't finish the things that I start.,ADHD,,,True
it_103318,Span2002,0.78,1,False,Don't pay enough attention when others are speaking to me.,ADHD,,,True
it_103319,Span2002,0.78,1,False,Feel restless a lot of the time.,ADHD,,,True
it_103320,Span2002,0.78,1,False,Find it difficult to organize tasks and activities.,ADHD,,,True
it_103321,Span2002,0.78,1,False,Find it difficult to sit still for long periods of time.,ADHD,,,True
it_103322,Span2002,0.78,1,False,Forget things.,ADHD,,,True
it_103323,Span2002,0.78,1,False,Have been told I'm not listening when others are speaking to me.,ADHD,,,True
it_103324,Span2002,0.78,1,False,Have difficulty keeping my attention on a task.,ADHD,,,True
it_103325,Span2002,0.78,1,False,Make careless mistakes.,ADHD,,,True
it_103326,TCI,0.75,1,False,Accept challenging tasks.,Competence,,,True
it_103327,TCI,0.72,1,False,Accept others' weaknesses.,Compassion,,,True
it_103328,TCI,0.72,1,False,Accept people as they are.,Tolerance,,,True
it_103329,TCI,0.78,1,False,Accomplish a lot of work.,Industriousness/Perseverance/Persistence,,,True
it_103330,TCI,0.73,1,False,Acknowledge others' accomplishments.,Trust,,,True
it_103331,TCI,0.66,1,False,Act according to my conscience.,Morality,,,True
it_103332,TCI,0.86,-1,True,Act comfortably with others.,Social-discomfort,,,True
it_103333,TCI,0.71,-1,True,Agree to anything.,Hope/Optimism,,,True
it_103334,TCI,0.72,-1,True,Am a bad loser.,Tolerance,,,True
it_103335,TCI,0.78,1,False,Am able to control my cravings.,Impulse-Control,,,True
it_103336,TCI,0.77,1,False,Am afraid of many things.,Self-efficacy,,,True
it_103337,TCI,0.78,1,False,Am always on the go.,Industriousness/Perseverance/Persistence,,,True
it_103338,TCI,0.72,-1,True,Am annoyed by others' mistakes.,Tolerance,,,True
it_103339,TCI,0.86,1,False,Am apprehensive about new encounters.,Social-discomfort,,,True
it_103340,TCI,0.86,-1,True,Am comfortable in unfamiliar situations.,Social-discomfort,,,True
it_103341,TCI,0.83,-1,True,Am easily discouraged.,Resourcefulness,,,True
it_103342,TCI,0.83,-1,True,Am easily intimidated.,Resourcefulness,,,True
it_103343,TCI,0.8,1,False,Am easily moved to tears.,Sentimentality,,,True
it_103344,TCI,0.72,-1,True,Am embarrassed to have people see my home.,Satisfaction,,,True
it_103345,TCI,0.78,1,False,Am exacting in my work.,Industriousness/Perseverance/Persistence,,,True
it_103346,TCI,0.72,1,False,Am inclined to forgive others.,Compassion,,,True
it_103347,TCI,0.8,-1,True,Am indifferent to the feelings of others.,Sentimentality,,,True
it_103348,TCI,0.74,1,False,Am inexplicably happy some of the time.,Romanticism,,,True
it_103349,TCI,0.73,1,False,Am nice to store clerks.,Trust,,,True
it_103350,TCI,0.86,-1,True,Am not bothered by difficult social situations.,Social-discomfort,,,True
it_103351,TCI,0.72,-1,True,Am not in the mood for anything.,Satisfaction,,,True
it_103352,TCI,0.78,-1,True,Am not interested in abstract ideas.,Imagination,,,True
it_103353,TCI,0.65,-1,True,Am not interested in other people's problems.,Femininity,,,True
it_103354,TCI,0.71,-1,True,Am not sure where my life is going.,Hope/Optimism,,,True
it_103355,TCI,0.77,1,False,Am often down in the dumps.,Self-efficacy,,,True
it_103356,TCI,0.86,1,False,Am often in a bad mood.,Neuroticism,,,True
it_103357,TCI,0.86,1,False,Am open about my feelings.,Self-disclosure,,,True
it_103358,TCI,0.8,1,False,Am open to change.,Variety-seeking,,,True
it_103359,TCI,0.69,-1,True,Am out for my own personal gain.,Self-acceptance,,,True
it_103360,TCI,0.74,1,False,Am passionate about anything I'm involved in.,Romanticism,,,True
it_103361,TCI,0.74,1,False,Am passionate about causes.,Romanticism,,,True
it_103362,TCI,0.69,-1,True,Am preoccupied with myself.,Self-acceptance,,,True
it_103363,TCI,0.72,-1,True,Am quick to judge others.,Tolerance,,,True
it_103364,TCI,0.86,1,False,Am quiet around strangers.,Social-discomfort,,,True
it_103365,TCI,0.78,1,False,Am ready to do battle for a cause.,Industriousness/Perseverance/Persistence,,,True
it_103366,TCI,0.71,-1,True,Am resigned to my fate.,Hope/Optimism,,,True
it_103367,TCI,0.78,1,False,Avoid dangerous situations.,Harm-Avoidance,,,True
it_103368,TCI,0.77,1,False,Become overwhelmed by events.,Self-efficacy,,,True
it_103369,TCI,0.71,1,False,Believe in the importance of tradition.,Conservatism,,,True
it_103370,TCI,0.71,1,False,Believe kids need tough love.,Conservatism,,,True
it_103371,TCI,0.67,-1,True,Believe only in myself.,Conformity/Dependence/Need for approval,,,True
it_103372,TCI,0.72,1,False,Believe that others have good intentions.,Tolerance,,,True
it_103373,TCI,0.66,-1,True,Believe that the end justifies the means.,Morality,,,True
it_103374,TCI,0.71,1,False,Believe that there are universal truths.,Conservatism,,,True
it_103375,TCI,0.71,-1,True,Believe that there is no absolute right or wrong.,Conservatism,,,True
it_103376,TCI,0.72,1,False,Believe there are many sides to most issues.,Tolerance,,,True
it_103377,TCI,0.86,-1,True,Bottle up my feelings.,Self-disclosure,,,True
it_103378,TCI,0.8,1,False,Break rules.,Rebelliousness,,,True
it_103379,TCI,0.72,1,False,Can accept a lot from others.,Tolerance,,,True
it_103380,TCI,0.83,1,False,Can handle complex problems.,Resourcefulness,,,True
it_103381,TCI,0.77,-1,True,Can manage many things at the same time.,Self-efficacy,,,True
it_103382,TCI,0.75,1,False,Can perform a wide variety of tasks.,Competence,,,True
it_103383,TCI,0.77,-1,True,Can tackle anything.,Self-efficacy,,,True
it_103384,TCI,0.73,-1,True,Can't be bothered with other's needs.,Trust,,,True
it_103385,TCI,0.83,-1,True,Can't make up my mind.,Resourcefulness,,,True
it_103386,TCI,0.66,1,False,Care about justice.,Morality,,,True
it_103387,TCI,0.78,1,False,Carry out my plans.,Impulse-Control,,,True
it_103388,TCI,0.8,1,False,Cheat to get ahead.,Rebelliousness,,,True
it_103389,TCI,0.83,1,False,Complete tasks successfully.,Resourcefulness,,,True
it_103390,TCI,0.8,-1,True,Dislike changes.,Variety-seeking,,,True
it_103391,TCI,0.71,-1,True,Dislike movies with happy Hollywood endings.,Conservatism,,,True
it_103392,TCI,0.73,-1,True,Disregard the opinions of others.,Trust,,,True
it_103393,TCI,0.78,-1,True,Do dangerous things.,Harm-Avoidance,,,True
it_103394,TCI,0.78,-1,True,Do just enough work to get by.,Industriousness/Perseverance/Persistence,,,True
it_103395,TCI,0.78,1,False,Do more than what's expected of me.,Industriousness/Perseverance/Persistence,,,True
it_103396,TCI,0.74,-1,True,Do not like poetry.,Romanticism,,,True
it_103397,TCI,0.66,-1,True,Do the opposite of what is asked.,Morality,,,True
it_103398,TCI,0.78,-1,True,Do things I later regret.,Impulse-Control,,,True
it_103399,TCI,0.72,-1,True,Do things out of revenge.,Compassion,,,True
it_103400,TCI,0.67,1,False,Do what others want me to do.,Conformity/Dependence/Need for approval,,,True
it_103401,TCI,0.8,-1,True,Don't have a soft side.,Sentimentality,,,True
it_103402,TCI,0.78,-1,True,Don't know why I do some of the things I do.,Impulse-Control,,,True
it_103403,TCI,0.75,-1,True,Don't put my mind on the task at hand.,Competence,,,True
it_103404,TCI,0.75,-1,True,Don't see things through.,Competence,,,True
it_103405,TCI,0.86,-1,True,Don't talk a lot.,Self-disclosure,,,True
it_103406,TCI,0.78,1,False,Easily resist temptations.,Impulse-Control,,,True
it_103407,TCI,0.78,-1,True,Enjoy being reckless.,Harm-Avoidance,,,True
it_103408,TCI,0.84,1,False,Enjoy bringing people together.,Friendliness,,,True
it_103409,TCI,0.8,1,False,Enjoy crude jokes.,Rebelliousness,,,True
it_103410,TCI,0.74,1,False,Enjoy examining myself and my life.,Romanticism,,,True
it_103411,TCI,0.8,1,False,Enjoy hearing new ideas.,Variety-seeking,,,True
it_103412,TCI,0.78,1,False,Experience my emotions intensely.,Imagination,,,True
it_103413,TCI,0.74,1,False,Express childlike joy.,Romanticism,,,True
it_103414,TCI,0.83,1,False,Face problems directly.,Resourcefulness,,,True
it_103415,TCI,0.72,-1,True,Feel attacked by others.,Satisfaction,,,True
it_103416,TCI,0.86,-1,True,Feel comfortable around people.,Social-discomfort,,,True
it_103417,TCI,0.73,-1,True,Feel little concern for others.,Trust,,,True
it_103418,TCI,0.72,-1,True,Feel short-changed in life.,Satisfaction,,,True
it_103419,TCI,0.65,1,False,Feel sympathy for those who are worse off than myself.,Femininity,,,True
it_103420,TCI,0.77,1,False,Feel that I'm unable to deal with things.,Self-efficacy,,,True
it_103421,TCI,0.72,-1,True,Feel that people have a hard time understanding,Satisfaction,,,True
it_103422,TCI,0.75,1,False,Feel up to any task.,Competence,,,True
it_103423,TCI,0.86,1,False,Find it difficult to approach others.,Social-discomfort,,,True
it_103424,TCI,0.85,-1,True,Find it difficult to get down to work.,Initiative,,,True
it_103425,TCI,0.72,-1,True,Find it hard to forgive others.,Compassion,,,True
it_103426,TCI,0.85,1,False,Finish tasks quickly.,Initiative,,,True
it_103427,TCI,0.67,1,False,Follow directions.,Conformity/Dependence/Need for approval,,,True
it_103428,TCI,0.67,1,False,Follow orders.,Conformity/Dependence/Need for approval,,,True
it_103429,TCI,0.78,1,False,Follow through with my plans.,Impulse-Control,,,True
it_103430,TCI,0.83,1,False,Formulate ideas clearly.,Resourcefulness,,,True
it_103431,TCI,0.72,-1,True,Get angry easily.,Compassion,,,True
it_103432,TCI,0.72,-1,True,Get back at others.,Compassion,,,True
it_103433,TCI,0.85,1,False,Get chores done right away.,Initiative,,,True
it_103434,TCI,0.72,-1,True,Get even with others.,Compassion,,,True
it_103435,TCI,0.72,-1,True,Get irritated easily.,Tolerance,,,True
it_103436,TCI,0.78,1,False,Get lost in my dreams.,Imagination,,,True
it_103437,TCI,0.78,1,False,Get so involved with things that I forget the time.,Imagination,,,True
it_103438,TCI,0.85,1,False,Get things done quickly.,Initiative,,,True
it_103439,TCI,0.85,1,False,Get to work at once.,Initiative,,,True
it_103440,TCI,0.67,-1,True,Give in to no one.,Conformity/Dependence/Need for approval,,,True
it_103441,TCI,0.75,-1,True,Give up easily.,Competence,,,True
it_103442,TCI,0.78,-1,True,Habitually blow my chances.,Impulse-Control,,,True
it_103443,TCI,0.67,1,False,Hate to seem pushy.,Conformity/Dependence/Need for approval,,,True
it_103444,TCI,0.79,1,False,Have a good word for everyone.,Empathy,,,True
it_103445,TCI,0.8,1,False,Have a soft heart.,Sentimentality,,,True
it_103446,TCI,0.72,-1,True,Have an eye for detail.,Recklessness,,,True
it_103447,TCI,0.84,-1,True,Have difficulty expressing my feelings.,Friendliness,,,True
it_103448,TCI,0.85,-1,True,Have difficulty starting tasks.,Initiative,,,True
it_103449,TCI,0.86,-1,True,Have little to say.,Self-disclosure,,,True
it_103450,TCI,0.72,-1,True,Hold a grudge.,Compassion,,,True
it_103451,TCI,0.72,-1,True,Investigate all possibilities.,Recklessness,,,True
it_103452,TCI,0.72,1,False,Jump into things without thinking.,Recklessness,,,True
it_103453,TCI,0.71,1,False,Keep improving myself.,Hope/Optimism,,,True
it_103454,TCI,0.72,1,False,Know how to enjoy myself.,Satisfaction,,,True
it_103455,TCI,0.8,1,False,Know how to get around the rules.,Rebelliousness,,,True
it_103456,TCI,0.78,-1,True,Know no limits.,Harm-Avoidance,,,True
it_103457,TCI,0.71,1,False,Know what I want.,Hope/Optimism,,,True
it_103458,TCI,0.72,-1,True,Lay down the law to others.,Tolerance,,,True
it_103459,TCI,0.72,-1,True,Let myself be used.,Satisfaction,,,True
it_103460,TCI,0.78,-1,True,Let myself go.,Harm-Avoidance,,,True
it_103461,TCI,0.71,-1,True,Let others determine my choices.,Hope/Optimism,,,True
it_103462,TCI,0.72,1,False,Like to act on a whim.,Recklessness,,,True
it_103463,TCI,0.73,1,False,Like to be of service to others.,Trust,,,True
it_103464,TCI,0.8,1,False,Like to begin new things.,Variety-seeking,,,True
it_103465,TCI,0.72,-1,True,Like to sleep on things before acting.,Recklessness,,,True
it_103466,TCI,0.75,1,False,Like to solve complex problems.,Competence,,,True
it_103467,TCI,0.8,1,False,Like to visit new places.,Variety-seeking,,,True
it_103468,TCI,0.65,1,False,Like to watch figure skating.,Femininity,,,True
it_103469,TCI,0.66,1,False,Listen to my conscience.,Morality,,,True
it_103470,TCI,0.69,-1,True,Look down on any weakness.,Self-acceptance,,,True
it_103471,TCI,0.72,-1,True,Look down on others.,Compassion,,,True
it_103472,TCI,0.65,1,False,Love children.,Femininity,,,True
it_103473,TCI,0.65,1,False,Love children's movies.,Femininity,,,True
it_103474,TCI,0.74,1,False,Love flowers.,Romanticism,,,True
it_103475,TCI,0.71,1,False,Love life.,Hope/Optimism,,,True
it_103476,TCI,0.8,1,False,Love to think up new ways of doing things.,Variety-seeking,,,True
it_103477,TCI,0.78,-1,True,Make a mess of things.,Impulse-Control,,,True
it_103478,TCI,0.79,1,False,Make people feel welcome.,Empathy,,,True
it_103479,TCI,0.72,1,False,Make rash decisions.,Recklessness,,,True
it_103480,TCI,0.66,-1,True,Misuse power.,Morality,,,True
it_103481,TCI,0.85,-1,True,Need a push to get started.,Initiative,,,True
it_103482,TCI,0.77,1,False,Need reassurance.,Self-efficacy,,,True
it_103483,TCI,0.85,-1,True,Never abuse my credit.,Extravagance,,,True
it_103484,TCI,0.71,1,False,Never give up hope.,Hope/Optimism,,,True
it_103485,TCI,0.78,1,False,Never give up.,Achievement-striving,,,True
it_103486,TCI,0.85,-1,True,Never spend more than I can afford.,Extravagance,,,True
it_103487,TCI,0.73,-1,True,Obstruct others' plans.,Trust,,,True
it_103488,TCI,0.86,1,False,Often feel uncomfortable around others.,Social-discomfort,,,True
it_103489,TCI,0.86,1,False,Only feel comfortable with friends.,Social-discomfort,,,True
it_103490,TCI,0.85,1,False,Overuse my credit.,Extravagance,,,True
it_103491,TCI,0.83,-1,True,Panic easily.,Resourcefulness,,,True
it_103492,TCI,0.85,1,False,Plunge into tasks with all my heart.,Initiative,,,True
it_103493,TCI,0.8,-1,True,Prefer to stick with things that I know.,Variety-seeking,,,True
it_103494,TCI,0.73,-1,True,Pretend to be concerned for others.,Trust,,,True
it_103495,TCI,0.85,-1,True,Put off unpleasant tasks.,Initiative,,,True
it_103496,TCI,0.67,-1,True,Quickly recognize possibilities.,Conformity/Dependence/Need for approval,,,True
it_103497,TCI,0.65,1,False,Radiate joy.,Femininity,,,True
it_103498,TCI,0.74,-1,True,Rarely look for a deeper meaning in things.,Romanticism,,,True
it_103499,TCI,0.78,1,False,Rarely overindulge.,Impulse-Control,,,True
it_103500,TCI,0.77,-1,True,Readily overcome setbacks.,Self-efficacy,,,True
it_103501,TCI,0.79,1,False,Reassure others.,Empathy,,,True
it_103502,TCI,0.72,-1,True,Reflect on things before acting.,Recklessness,,,True
it_103503,TCI,0.8,1,False,Resist authority.,Rebelliousness,,,True
it_103504,TCI,0.8,-1,True,Respect authority.,Rebelliousness,,,True
it_103505,TCI,0.72,1,False,Respect others.,Tolerance,,,True
it_103506,TCI,0.69,1,False,Respect the opinions of others.,Self-acceptance,,,True
it_103507,TCI,0.66,1,False,Return extra change when a cashier makes a mistake.,Morality,,,True
it_103508,TCI,0.86,-1,True,Reveal little about myself.,Self-disclosure,,,True
it_103509,TCI,0.72,1,False,Rush into things.,Recklessness,,,True
it_103510,TCI,0.71,1,False,Sacrifice myself for others.,Conservatism,,,True
it_103511,TCI,0.86,-1,True,Say little.,Self-disclosure,,,True
it_103512,TCI,0.74,1,False,See beauty in things that others might not notice.,Romanticism,,,True
it_103513,TCI,0.72,-1,True,See events as unavoidable.,Satisfaction,,,True
it_103514,TCI,0.69,-1,True,See other people as my competitors.,Self-acceptance,,,True
it_103515,TCI,0.78,-1,True,Seek danger.,Harm-Avoidance,,,True
it_103516,TCI,0.69,-1,True,Seek status.,Self-acceptance,,,True
it_103517,TCI,0.78,1,False,Set high standards for myself and others.,Industriousness/Perseverance/Persistence,,,True
it_103518,TCI,0.86,1,False,Show my feelings.,Self-disclosure,,,True
it_103519,TCI,0.85,1,False,Spend more money than I have.,Extravagance,,,True
it_103520,TCI,0.66,1,False,Stand behind my actions.,Morality,,,True
it_103521,TCI,0.85,1,False,Start tasks right away.,Initiative,,,True
it_103522,TCI,0.8,-1,True,Stick to the rules.,Rebelliousness,,,True
it_103523,TCI,0.72,-1,True,Suspect hidden motives in others.,Satisfaction,,,True
it_103524,TCI,0.78,1,False,Take control of things.,Achievement-striving,,,True
it_103525,TCI,0.72,-1,True,Take precautions.,Recklessness,,,True
it_103526,TCI,0.78,-1,True,Take risks.,Harm-Avoidance,,,True
it_103527,TCI,0.69,1,False,Take things as they come.,Self-acceptance,,,True
it_103528,TCI,0.79,1,False,Take time out for others.,Empathy,,,True
it_103529,TCI,0.86,1,False,Talk about my worries.,Self-disclosure,,,True
it_103530,TCI,0.86,-1,True,Talk to a lot of different people at parties.,Social-discomfort,,,True
it_103531,TCI,0.72,-1,True,Think twice before doing something.,Recklessness,,,True
it_103532,TCI,0.65,-1,True,Try not to think about the needy.,Femininity,,,True
it_103533,TCI,0.8,-1,True,Try to follow the rules.,Rebelliousness,,,True
it_103534,TCI,0.66,-1,True,Try to fool others.,Morality,,,True
it_103535,TCI,0.72,1,False,Try to forgive and forget.,Compassion,,,True
it_103536,TCI,0.78,1,False,Try to lead others.,Achievement-striving,,,True
it_103537,TCI,0.73,1,False,Try to maintain a pleasant atmosphere.,Trust,,,True
it_103538,TCI,0.78,1,False,Try to outdo others.,Achievement-striving,,,True
it_103539,TCI,0.67,1,False,Try to please everyone.,Conformity/Dependence/Need for approval,,,True
it_103540,TCI,0.65,1,False,Try to stay in touch with myself.,Femininity,,,True
it_103541,TCI,0.78,1,False,Try to surpass others' accomplishments.,Achievement-striving,,,True
it_103542,TCI,0.69,-1,True,Use flattery to get ahead.,Self-acceptance,,,True
it_103543,TCI,0.8,1,False,Use swear words.,Rebelliousness,,,True
it_103544,TCI,0.83,-1,True,Wait for others to lead the way.,Resourcefulness,,,True
it_103545,TCI,0.78,1,False,Want to be in charge.,Achievement-striving,,,True
it_103546,TCI,0.78,1,False,Want to be the very best.,Achievement-striving,,,True
it_103547,TCI,0.78,-1,True,Waste my time.,Impulse-Control,,,True
it_103548,TCI,0.78,-1,True,Willing to try anything once.,Harm-Avoidance,,,True
it_103549,TCI,0.72,-1,True,Withhold information from others.,Satisfaction,,,True
it_103550,TCI,0.71,1,False,Work on improving myself.,Hope/Optimism,,,True
it_103551,TCI,0.8,-1,True,Would never cheat on my taxes.,Rebelliousness,,,True
it_103552,TCI,0.78,1,False,Would never go hang gliding or bungee jumping.,Harm-Avoidance,,,True
it_103553,TCI,0.78,1,False,Would never make a high risk investment.,Harm-Avoidance,,,True
it_103554,VIA,0.73,0,True,Act before thinking through the consequences.,Prudence,,,True
it_103555,VIA,0.7,1,False,Admit when I am wrong.,Fairness,,,True
it_103556,VIA,0.76,1,False,Allow others to make a fresh start.,Forgiveness,,,True
it_103557,VIA,0.75,1,False,Am a brave person.,Bravery,,,True
it_103558,VIA,0.8,1,False,Am a firm believer in thinking things through.,Judgment,,,True
it_103559,VIA,0.81,1,False,Am a goal-oriented person.,Perseverance,,,True
it_103560,VIA,0.7,1,False,Am a good listener.,Fairness,,,True
it_103561,VIA,0.81,1,False,Am a hard worker.,Perseverance,,,True
it_103562,VIA,0.75,1,False,Am a highly disciplined person.,Self-Regulation,,,True
it_103563,VIA,0.91,1,False,Am a spiritual person.,Spirituality,,,True
it_103564,VIA,0.77,1,False,Am a true life-long learner.,Love of Learning,,,True
it_103565,VIA,0.85,1,False,Am able to come up with new and different ideas.,Creativity,,,True
it_103566,VIA,0.76,1,False,Am able to fit into any situation.,Social Intelligence,,,True
it_103567,VIA,0.78,1,False,Am always busy with something interesting.,Curiosity,,,True
it_103568,VIA,0.79,1,False,Am an extremely grateful person.,Gratitude,,,True
it_103569,VIA,0.78,0,True,Am an extremely loyal person.,Teamwork,,,True
it_103570,VIA,0.85,1,False,Am an original thinker.,Creativity,,,True
it_103571,VIA,0.7,1,False,Am committed to principles of justice and equality.,Fairness,,,True
it_103572,VIA,0.75,1,False,Am considered to be a wise person.,Perspective,,,True
it_103573,VIA,0.78,0,True,Am described as grumpy.,Zest,,,True
it_103574,VIA,0.78,1,False,Am excited by many different activities.,Curiosity,,,True
it_103575,VIA,0.78,1,False,Am good at helping people work well together.,Leadership,,,True
it_103576,VIA,0.76,1,False,Am good at sensing what others are feeling.,Social Intelligence,,,True
it_103577,VIA,0.72,-1,True,Am hard to understand.,Honesty,,,True
it_103578,VIA,0.7,1,False,Am humble about the good things that have happened to me.,Humility,,,True
it_103579,VIA,0.77,1,False,Am in awe of simple things in life that others might take for granted.,Appreciation of Beauty,,,True
it_103580,VIA,0.78,1,False,Am never bored.,Curiosity,,,True
it_103581,VIA,0.72,1,False,Am never too busy to help a friend.,Kindness,,,True
it_103582,VIA,0.78,-1,True,Am not all that curious about the world.,Curiosity,,,True
it_103583,VIA,0.73,-1,True,Am not confident that my way of doing things will work out for the best.,Hope,,,True
it_103584,VIA,0.85,-1,True,Am not considered to have new and different ideas.,Creativity,,,True
it_103585,VIA,0.84,-1,True,Am not fun to be with.,Humor,,,True
it_103586,VIA,0.75,-1,True,Am not good at figuring out what really matters.,Perspective,,,True
it_103587,VIA,0.78,-1,True,Am not good at planning group activities.,Leadership,,,True
it_103588,VIA,0.78,-1,True,Am not good at taking charge of a group.,Leadership,,,True
it_103589,VIA,0.78,-1,True,Am not good at working with a group.,Teamwork,,,True
it_103590,VIA,0.84,-1,True,Am not known for my sense of humor.,Humor,,,True
it_103591,VIA,0.75,-1,True,Am not very good at getting things done.,Self-Regulation,,,True
it_103592,VIA,0.72,-1,True,Am only kind to others if they have been kind to me.,Kindness,,,True
it_103593,VIA,0.7,1,False,Am proud that I am an ordinary person.,Humility,,,True
it_103594,VIA,0.77,0,True,Am rarely aware of the natural beauty in the environment.,Appreciation of Beauty,,,True
it_103595,VIA,0.75,-1,True,Am rarely consulted for advice by others.,Perspective,,,True
it_103596,VIA,0.76,0,True,Am taken advantage of by others.,Social Intelligence,,,True
it_103597,VIA,0.7,1,False,Am the most important person in someone else's life.,Love,,,True
it_103598,VIA,0.77,1,False,Am thrilled when I learn something new.,Love of Learning,,,True
it_103599,VIA,0.72,0,True,Am told by friends that they do not really know who I am.,Honesty,,,True
it_103600,VIA,0.78,1,False,Am told that I am a strong but fair leader.,Leadership,,,True
it_103601,VIA,0.72,0,True,Am told that I am down to earth.,Honesty,,,True
it_103602,VIA,0.72,1,False,Am true to my own values.,Honesty,,,True
it_103603,VIA,0.72,1,False,Am trusted to keep secrets.,Honesty,,,True
it_103604,VIA,0.76,0,True,Am unwilling to accept apologies.,Forgiveness,,,True
it_103605,VIA,0.8,1,False,Am valued by my friends for my good judgment.,Judgment,,,True
it_103606,VIA,0.8,1,False,Am valued by others for my objectivity.,Judgment,,,True
it_103607,VIA,0.76,0,True,Am very aware of my surroundings.,Social Intelligence,,,True
it_103608,VIA,0.91,1,False,Am who I am because of my faith.,Spirituality,,,True
it_103609,VIA,0.7,1,False,Am willing to take risks to establish a relationship.,Love,,,True
it_103610,VIA,0.77,1,False,Appreciate all forms of art.,Appreciation of Beauty,,,True
it_103611,VIA,0.73,1,False,Avoid activities that are physically dangerous.,Prudence,,,True
it_103612,VIA,0.75,-1,True,Avoid dealing with awkward situations.,Bravery,,,True
it_103613,VIA,0.75,-1,True,Avoid dealing with uncomfortable emotions.,Bravery,,,True
it_103614,VIA,0.78,1,False,Awaken with a sense of excitement about the day's possibilities.,Zest,,,True
it_103615,VIA,0.73,-1,True,Behave in unusual and strange ways.,Prudence,,,True
it_103616,VIA,0.91,1,False,Believe in a universal power or God.,Spirituality,,,True
it_103617,VIA,0.73,1,False,Believe it is always better to be safe than sorry.,Prudence,,,True
it_103618,VIA,0.91,1,False,Believe that each person has a purpose in life.,Spirituality,,,True
it_103619,VIA,0.7,1,False,Believe that everyone should have a say.,Fairness,,,True
it_103620,VIA,0.7,1,False,Believe that everyone's rights are equally important.,Fairness,,,True
it_103621,VIA,0.72,1,False,Believe that honesty is the basis for trust.,Honesty,,,True
it_103622,VIA,0.76,1,False,Believe that it is best to forgive and forget.,Forgiveness,,,True
it_103623,VIA,0.78,0,True,Believe that leaders should let everyone have a say in what the group does.,Leadership,,,True
it_103624,VIA,0.84,0,True,Believe that life is more of a playground than a battlefield.,Humor,,,True
it_103625,VIA,0.7,1,False,Believe that others are drawn to me because I am humble.,Humility,,,True
it_103626,VIA,0.78,0,True,Believe that our human nature brings us together to work for common goals.,Leadership,,,True
it_103627,VIA,0.75,1,False,Call for action while others talk.,Bravery,,,True
it_103628,VIA,0.72,1,False,Call my friends when they are sick.,Kindness,,,True
it_103629,VIA,0.75,1,False,Can always say enough is enough.,Self-Regulation,,,True
it_103630,VIA,0.72,1,False,Can be trusted to keep my promises.,Honesty,,,True
it_103631,VIA,0.77,1,False,Can become tearful thinking of the goodness of others.,Appreciation of Beauty,,,True
it_103632,VIA,0.73,0,True,Can clearly picture in my mind what I want to happen in my future.,Hope,,,True
it_103633,VIA,0.75,0,True,Can control my emotions.,Self-Regulation,,,True
it_103634,VIA,0.7,1,False,Can express love to someone else.,Love,,,True
it_103635,VIA,0.75,1,False,Can face my fears.,Bravery,,,True
it_103636,VIA,0.78,1,False,Can find something of interest in any situation.,Curiosity,,,True
it_103637,VIA,0.73,1,False,Can find the positive in what seems negative to others.,Hope,,,True
it_103638,VIA,0.78,1,False,Can hardly wait to see what life has in store for me in the years ahead.,Zest,,,True
it_103639,VIA,0.75,1,False,Can stay on a diet.,Self-Regulation,,,True
it_103640,VIA,0.75,-1,True,Can't resist eating candy or cookies if they are around.,Self-Regulation,,,True
it_103641,VIA,0.78,1,False,Can't wait to get started on a project.,Zest,,,True
it_103642,VIA,0.73,1,False,Cannot imagine lying or cheating.,Prudence,,,True
it_103643,VIA,0.85,1,False,Come up with new ways to do things.,Creativity,,,True
it_103644,VIA,0.75,1,False,Consider myself to be a wise person.,Perspective,,,True
it_103645,VIA,0.77,1,False,Consult the library or the Internet immediately if I want to know something.,Love of Learning,,,True
it_103646,VIA,0.7,0,True,"Could never stop loving my family and close friends, no matter what they did.",Love,,,True
it_103647,VIA,0.77,1,False,Crave the experience of great art.,Appreciation of Beauty,,,True
it_103648,VIA,0.75,-1,True,Do my tasks only just before they need to be done.,Self-Regulation,,,True
it_103649,VIA,0.91,-1,True,Do not believe in a universal power or a God.,Spirituality,,,True
it_103650,VIA,0.7,-1,True,Do not easily share my feelings with others.,Love,,,True
it_103651,VIA,0.75,-1,True,Do not exercise on a regular basis.,Self-Regulation,,,True
it_103652,VIA,0.76,-1,True,Do not give anyone a second chance to hurt me.,Forgiveness,,,True
it_103653,VIA,0.84,-1,True,Do not go out of my way to make others smile or laugh.,Humor,,,True
it_103654,VIA,0.77,-1,True,Do not like to visit museums.,Love of Learning,,,True
it_103655,VIA,0.91,-1,True,Do not practice any religion.,Spirituality,,,True
it_103656,VIA,0.79,-1,True,Do not see the need to acknowledge others who are good to me.,Gratitude,,,True
it_103657,VIA,0.75,-1,True,Do not stand up for my beliefs.,Bravery,,,True
it_103658,VIA,0.81,-1,True,Do not tend to stick with what I decide to do.,Perseverance,,,True
it_103659,VIA,0.7,1,False,Don't act is if I'm a special person.,Humility,,,True
it_103660,VIA,0.78,1,False,Don't approach things halfheartedly.,Zest,,,True
it_103661,VIA,0.7,1,False,Don't brag about my accomplishments.,Humility,,,True
it_103662,VIA,0.7,1,False,Don't call attention to myself.,Humility,,,True
it_103663,VIA,0.81,-1,True,Don't finish what I start.,Perseverance,,,True
it_103664,VIA,0.81,1,False,Don't get sidetracked when I work.,Perseverance,,,True
it_103665,VIA,0.78,-1,True,Don't have much energy.,Zest,,,True
it_103666,VIA,0.75,1,False,Don't hesitate to express an unpopular opinion.,Bravery,,,True
it_103667,VIA,0.76,-1,True,Don't know how to handle myself in a new social situation.,Social Intelligence,,,True
it_103668,VIA,0.77,-1,True,Don't like to learn new things.,Love of Learning,,,True
it_103669,VIA,0.79,0,True,Don't make a big deal about gifts that I receive.,Gratitude,,,True
it_103670,VIA,0.78,1,False,Don't miss group meetings or team practices.,Teamwork,,,True
it_103671,VIA,0.85,-1,True,Don't pride myself on being original.,Creativity,,,True
it_103672,VIA,0.81,1,False,Don't quit a task before it is finished.,Perseverance,,,True
it_103673,VIA,0.77,-1,True,Don't read nonfiction books for fun.,Love of Learning,,,True
it_103674,VIA,0.75,-1,True,Don't speak my mind freely when there might be negative results.,Bravery,,,True
it_103675,VIA,0.78,0,True,Don't talk badly to outsiders about my own group.,Teamwork,,,True
it_103676,VIA,0.8,-1,True,Don't tend to think things through critically.,Judgment,,,True
it_103677,VIA,0.8,-1,True,Don't think about different possibilities when making decisions.,Judgment,,,True
it_103678,VIA,0.8,0,True,Don't think about more possibilities than the one I like first.,Judgment,,,True
it_103679,VIA,0.78,-1,True,Don't think it's important to socialize with others.,Teamwork,,,True
it_103680,VIA,0.76,1,False,Don't try to get even.,Forgiveness,,,True
it_103681,VIA,0.78,-1,True,Dread getting up in the morning.,Zest,,,True
it_103682,VIA,0.78,1,False,Enjoy being part of a group.,Teamwork,,,True
it_103683,VIA,0.73,-1,True,Expect the worst.,Hope,,,True
it_103684,VIA,0.77,1,False,Experience deep emotions when I see beautiful things.,Appreciation of Beauty,,,True
it_103685,VIA,0.79,1,False,Express my thanks to those who care about me.,Gratitude,,,True
it_103686,VIA,0.77,-1,True,Fail to notice beauty until others comment on it.,Appreciation of Beauty,,,True
it_103687,VIA,0.79,1,False,Feel a profound sense of appreciation every day.,Gratitude,,,True
it_103688,VIA,0.78,1,False,Feel I must respect the decisions made by my group.,Teamwork,,,True
it_103689,VIA,0.7,-1,True,Feel isolated from other people.,Love,,,True
it_103690,VIA,0.77,1,False,Feel it's important to live in a world of beauty.,Appreciation of Beauty,,,True
it_103691,VIA,0.7,0,True,Feel like a loser if I compromise.,Fairness,,,True
it_103692,VIA,0.72,-1,True,Feel like an imposter.,Honesty,,,True
it_103693,VIA,0.79,1,False,Feel thankful for what I have received in life.,Gratitude,,,True
it_103694,VIA,0.75,0,True,Feel that practice is as important as performance.,Self-Regulation,,,True
it_103695,VIA,0.7,0,True,Feel that too much modesty gets a person in trouble.,Humility,,,True
it_103696,VIA,0.79,-1,True,Find few things in my life to be grateful for.,Gratitude,,,True
it_103697,VIA,0.78,-1,True,Find it difficult to entertain myself.,Curiosity,,,True
it_103698,VIA,0.78,1,False,Find the world a very interesting place.,Curiosity,,,True
it_103699,VIA,0.81,1,False,Finish things despite obstacles in the way.,Perseverance,,,True
it_103700,VIA,0.73,1,False,Follow the rules.,Prudence,,,True
it_103701,VIA,0.75,1,False,Forego things that are bad for me in the long run even if they make me feel good in the short run.,Self-Regulation,,,True
it_103702,VIA,0.76,1,False,Get along well with people I have just met.,Social Intelligence,,,True
it_103703,VIA,0.72,1,False,Get as excited about the good fortunes of others as I am about my own.,Kindness,,,True
it_103704,VIA,0.79,0,True,Get chills when I hear about acts of great generosity.,Gratitude,,,True
it_103705,VIA,0.72,-1,True,Get impatient when others talk to me about their problems.,Kindness,,,True
it_103706,VIA,0.76,0,True,Get puzzled by my own thoughts and feelings.,Social Intelligence,,,True
it_103707,VIA,0.7,1,False,Give everyone a chance.,Fairness,,,True
it_103708,VIA,0.75,-1,True,Give in to my urges.,Self-Regulation,,,True
it_103709,VIA,0.81,-1,True,Give up easily.,Perseverance,,,True
it_103710,VIA,0.77,1,False,Go out of my way to attend educational events.,Love of Learning,,,True
it_103711,VIA,0.72,1,False,Go out of my way to cheer up people who appear down.,Kindness,,,True
it_103712,VIA,0.76,1,False,"Hate to see anyone suffer, even my worst enemy.",Forgiveness,,,True
it_103713,VIA,0.75,1,False,Have a broad outlook on what is going on.,Perspective,,,True
it_103714,VIA,0.84,1,False,Have a great sense of humor.,Humor,,,True
it_103715,VIA,0.75,1,False,Have a mature view on life.,Perspective,,,True
it_103716,VIA,0.75,1,False,Have an excellent view of the world.,Perspective,,,True
it_103717,VIA,0.85,1,False,Have an imagination that stretches beyond that of my friends.,Creativity,,,True
it_103718,VIA,0.75,1,False,Have been described as wise beyond my years.,Perspective,,,True
it_103719,VIA,0.77,1,False,Have been left speechless by the beauty depicted in a movie.,Appreciation of Beauty,,,True
it_103720,VIA,0.79,1,False,Have been richly blessed in my life.,Gratitude,,,True
it_103721,VIA,0.7,-1,True,Have difficulty accepting love from anyone.,Love,,,True
it_103722,VIA,0.78,-1,True,Have difficulty getting others to work together.,Leadership,,,True
it_103723,VIA,0.78,-1,True,Have few interests.,Curiosity,,,True
it_103724,VIA,0.73,1,False,Have never deliberately hurt anyone.,Prudence,,,True
it_103725,VIA,0.75,0,True,Have never given bad advice to a friend.,Perspective,,,True
it_103726,VIA,0.73,-1,True,Have no plan for my life five years from now.,Hope,,,True
it_103727,VIA,0.85,-1,True,Have no special urge to do something original.,Creativity,,,True
it_103728,VIA,0.75,1,False,Have no trouble eating healthy foods.,Self-Regulation,,,True
it_103729,VIA,0.77,0,True,Have not created something of beauty in the last year.,Appreciation of Beauty,,,True
it_103730,VIA,0.75,0,True,Have overcome pain and disappointment.,Bravery,,,True
it_103731,VIA,0.85,0,True,Have recently found an original solution to a problem in my life.,Creativity,,,True
it_103732,VIA,0.91,1,False,Have spent at least 30 minutes in the last 24 hours in prayer or meditation.,Spirituality,,,True
it_103733,VIA,0.75,1,False,Have taken frequent stands in the face of strong opposition.,Bravery,,,True
it_103734,VIA,0.76,1,False,Have the ability to make others feel interesting.,Social Intelligence,,,True
it_103735,VIA,0.72,1,False,Helped a neighbor in the last month.,Kindness,,,True
it_103736,VIA,0.76,-1,True,Hold grudges.,Forgiveness,,,True
it_103737,VIA,0.91,1,False,Keep my faith even during hard times.,Spirituality,,,True
it_103738,VIA,0.72,1,False,Keep my promises.,Honesty,,,True
it_103739,VIA,0.84,1,False,Keep my sense of humor even in gloomy situations.,Humor,,,True
it_103740,VIA,0.73,1,False,Keep straight right from wrong.,Prudence,,,True
it_103741,VIA,0.78,-1,True,Keep to myself.,Teamwork,,,True
it_103742,VIA,0.7,0,True,Know people whose opinions are simply not worth listening to.,Fairness,,,True
it_103743,VIA,0.7,1,False,Know someone whom I really care about as a person.,Love,,,True
it_103744,VIA,0.91,1,False,Know that my beliefs make my life important.,Spirituality,,,True
it_103745,VIA,0.73,0,True,Know that my friends consider me to be impulsive.,Prudence,,,True
it_103746,VIA,0.91,0,True,Know that my life has no strong purpose.,Spirituality,,,True
it_103747,VIA,0.7,1,False,Know that some others accept my shortcomings.,Love,,,True
it_103748,VIA,0.7,1,False,Know that there are people in my life who care as much for me as for themselves.,Love,,,True
it_103749,VIA,0.76,1,False,Know what makes others tick.,Social Intelligence,,,True
it_103750,VIA,0.76,1,False,Know what to say to make people feel good.,Social Intelligence,,,True
it_103751,VIA,0.76,1,False,Let bygones be bygones.,Forgiveness,,,True
it_103752,VIA,0.75,-1,True,Let myself be taken over by urges to spend or eat too much.,Self-Regulation,,,True
it_103753,VIA,0.72,-1,True,Lie to get myself out of trouble.,Honesty,,,True
it_103754,VIA,0.73,0,True,Like taking risks.,Prudence,,,True
it_103755,VIA,0.72,-1,True,Like to exaggerate my troubles.,Honesty,,,True
it_103756,VIA,0.7,-1,True,Like to stand out in a crowd.,Humility,,,True
it_103757,VIA,0.7,-1,True,Like to talk about myself.,Humility,,,True
it_103758,VIA,0.85,1,False,Like to think of new ways to do things.,Creativity,,,True
it_103759,VIA,0.78,1,False,Look forward to each new day.,Zest,,,True
it_103760,VIA,0.77,1,False,Look forward to the opportunity to learn and grow.,Love of Learning,,,True
it_103761,VIA,0.73,1,False,Look on the bright side.,Hope,,,True
it_103762,VIA,0.78,0,True,Lose respect for leaders if I disagree with them.,Teamwork,,,True
it_103763,VIA,0.75,-1,True,Lose sight of what is most important in life.,Perspective,,,True
it_103764,VIA,0.78,1,False,Love to hear about other countries and cultures.,Curiosity,,,True
it_103765,VIA,0.72,1,False,Love to let others share the spotlight.,Kindness,,,True
it_103766,VIA,0.72,1,False,Love to make other people happy.,Kindness,,,True
it_103767,VIA,0.78,1,False,Love what I do.,Zest,,,True
it_103768,VIA,0.73,1,False,Make careful choices.,Prudence,,,True
it_103769,VIA,0.81,0,True,Make certain that my plans will work.,Perseverance,,,True
it_103770,VIA,0.8,1,False,Make decisions only after I have all of the facts.,Judgment,,,True
it_103771,VIA,0.78,0,True,Must try to maintain harmony within my group.,Teamwork,,,True
it_103772,VIA,0.76,1,False,Never seek vengeance.,Forgiveness,,,True
it_103773,VIA,0.81,0,True,Only get what I want because I work hard for it.,Perseverance,,,True
it_103774,VIA,0.78,-1,True,Prefer to do everything alone.,Teamwork,,,True
it_103775,VIA,0.78,1,False,Prefer to participate fully rather than view life from the sidelines.,Zest,,,True
it_103776,VIA,0.77,1,False,Read a large variety of books.,Love of Learning,,,True
it_103777,VIA,0.77,1,False,Read all the time.,Love of Learning,,,True
it_103778,VIA,0.7,0,True,Refuse to take credit for work I haven't done.,Fairness,,,True
it_103779,VIA,0.73,1,False,Remain hopeful despite challenges.,Hope,,,True
it_103780,VIA,0.75,1,False,Speak up in protest when I hear someone say mean things.,Bravery,,,True
it_103781,VIA,0.79,1,False,Stop to count my blessings.,Gratitude,,,True
it_103782,VIA,0.78,1,False,Support my teammates or fellow group members.,Teamwork,,,True
it_103783,VIA,0.7,-1,True,Take advantage of others.,Fairness,,,True
it_103784,VIA,0.72,0,True,Take pride in not exaggerating who or what I am.,Honesty,,,True
it_103785,VIA,0.85,0,True,Tend to think of alternatives when someone tells me how to do something.,Creativity,,,True
it_103786,VIA,0.73,1,False,Think about what is good in my life when I feel down.,Hope,,,True
it_103787,VIA,0.73,1,False,Think before I speak.,Prudence,,,True
it_103788,VIA,0.78,1,False,Think that my life is extremely interesting.,Curiosity,,,True
it_103789,VIA,0.7,1,False,Treat all people equally.,Fairness,,,True
it_103790,VIA,0.78,0,True,Treat everyone the same.,Leadership,,,True
it_103791,VIA,0.7,-1,True,Treat others differently if I don't like them.,Fairness,,,True
it_103792,VIA,0.72,-1,True,Try not to do favors for others.,Kindness,,,True
it_103793,VIA,0.84,1,False,Try to add some humor to whatever I do.,Humor,,,True
it_103794,VIA,0.84,1,False,Try to have fun in all kinds of situations.,Humor,,,True
it_103795,VIA,0.8,1,False,Try to have good reasons for my important decisions.,Judgment,,,True
it_103796,VIA,0.8,1,False,Try to identify the reasons for my actions.,Judgment,,,True
it_103797,VIA,0.78,1,False,Try to make my group members happy.,Leadership,,,True
it_103798,VIA,0.78,1,False,Try to make sure everyone in a group feels included.,Leadership,,,True
it_103799,VIA,0.76,1,False,Try to respond with understanding when someone treats me badly.,Forgiveness,,,True
it_103800,VIA,0.84,1,False,Try to tease my friends out of their gloomy moods.,Humor,,,True
it_103801,VIA,0.84,1,False,Use laughter to brighten the days of others.,Humor,,,True
it_103802,VIA,0.8,1,False,Weigh the pro's and the con's.,Judgment,,,True
it_103803,VIA,0.73,1,False,Will succeed with the goals I set for myself.,Hope,,,True
it_103804,VIA,0.78,-1,True,Work best when I am alone.,Teamwork,,,True
it_103805,VIA,0.7,1,False,Would never be described as arrogant.,Humility,,,True
